component_id	start_pos	end_pos	span_bp	n_sites	n_fragments	solver	objective	margin
phase6_comp_1	25000029	25000484	456	2	2	exact	0.000000	1.533334
phase6_comp_2	25004246	25005300	1055	7	60	exact	0.000000	3.066668
phase6_comp_3	25046442	25047056	615	5	47	exact	0.000000	4.600002
phase6_comp_4	25055075	25055527	453	2	1	exact	0.000000	0.766667
phase6_comp_5	25057595	25058410	816	6	49	exact	0.000000	6.5000029999999995
phase6_comp_6	25060899	25061229	331	2	3	exact	0.000000	2.300001
phase6_comp_7	25063387	25064143	757	2	2	exact	0.000000	1.533334
phase6_comp_8	25067457	25068304	848	4	23	exact	0.000000	3.066668
phase6_comp_9	25069182	25069615	434	3	22	exact	0.000000	4.600002
phase6_comp_10	25072307	25072469	163	2	9	exact	0.000000	6.5000029999999995
phase6_comp_11	25073429	25073804	376	5	46	exact	0.000000	4.600002
phase6_comp_12	25074809	25075361	553	3	21	exact	0.000000	3.033335
phase6_comp_13	25076739	25077499	761	4	22	exact	0.000000	2.666668
phase6_comp_14	25078235	25078910	676	5	37	exact	0.000000	6.133336
phase6_comp_15	25080672	25081509	838	7	50	exact	0.000000	4.200002
phase6_comp_16	25083196	25084882	1687	8	66	exact	0.000000	0.766667
phase6_comp_17	25090307	25091485	1179	3	2	exact	0.000000	0.766667
phase6_comp_18	25098831	25099003	173	2	4	exact	0.000000	3.066668
phase6_comp_19	25102047	25102228	182	2	6	exact	0.000000	4.600002
phase6_comp_20	25104145	25104444	300	2	7	exact	0.000000	5.366669
phase6_comp_21	25108681	25108744	64	2	16	exact	0.000000	12.500005
phase6_comp_22	25112086	25112996	911	3	5	exact	0.000000	0.817778
phase6_comp_23	25117290	25117856	567	3	9	exact	0.000000	2.300001
phase6_comp_24	25125522	25126731	1210	5	42	exact	0.000000	0.766667
phase6_comp_25	25127496	25127747	252	2	4	exact	0.000000	3.066668
phase6_comp_26	25130329	25131884	1556	4	7	exact	0.000000	0.766667
phase6_comp_27	25132771	25133304	534	3	10	exact	0.000000	3.066668
phase6_comp_28	25139813	25140244	432	3	8	exact	0.000000	3.066668
phase6_comp_29	25142309	25142846	538	2	3	exact	0.000000	2.300001
phase6_comp_30	25144517	25145611	1095	4	10	exact	0.000000	0.766667
phase6_comp_31	25146658	25146942	285	2	7	exact	0.000000	4.966669
phase6_comp_32	25152010	25153646	1637	7	42	exact	0.000000	0.766667
phase6_comp_33	25154522	25156188	1667	5	11	exact	0.000000	0.766667
phase6_comp_34	25157576	25158286	711	3	5	exact	0.000000	0.366667
phase6_comp_35	25160763	25161384	622	3	15	exact	0.000000	1.533334
phase6_comp_36	25162659	25162888	230	2	2	exact	0.000000	1.533334
phase6_comp_37	25163381	25164595	1215	7	58	exact	0.000000	3.066668
phase6_comp_38	25169477	25169899	423	2	6	exact	0.000000	4.600002
phase6_comp_39	25173915	25174321	407	2	3	exact	0.000000	2.300001
phase6_comp_40	25176121	25176214	94	3	25	exact	0.000000	10.966671
phase6_comp_41	25177202	25177662	461	4	39	exact	1.000000	1.533334
phase6_comp_42	25178523	25178957	435	3	29	exact	0.766667	1.533334
phase6_comp_43	25179705	25180384	680	3	11	exact	0.000000	1.133334
phase6_comp_44	25181659	25182668	1010	3	5	exact	0.000000	0.766667
phase6_comp_45	25185763	25186361	599	3	14	exact	0.000000	2.266668
phase6_comp_46	25190007	25190278	272	2	8	exact	0.000000	6.133336
phase6_comp_47	25192123	25192427	305	2	6	exact	0.000000	4.600002
phase6_comp_48	25193662	25193794	133	3	32	exact	0.000000	4.600002
phase6_comp_49	25195384	25196628	1245	5	30	exact	0.000000	1.900001
phase6_comp_50	25240693	25240911	219	2	1	exact	0.000000	0.766667
phase6_comp_51	25251222	25251975	754	4	17	exact	0.000000	2.300001
phase6_comp_52	25255895	25256754	860	4	13	exact	0.000000	3.066668
phase6_comp_53	25259453	25261260	1808	6	31	exact	0.000000	0.766667
phase6_comp_54	25262168	25262501	334	2	7	exact	0.000000	4.838891
phase6_comp_55	25263484	25263908	425	2	3	exact	0.000000	1.900001
phase6_comp_56	25269910	25270202	293	4	32	exact	0.366667	3.8333349999999995
phase6_comp_57	25274702	25274915	214	3	27	exact	0.000000	6.133336
phase6_comp_58	25275962	25276391	430	3	28	exact	0.000000	4.966669
phase6_comp_59	25282821	25283120	300	2	4	exact	0.000000	2.666668
phase6_comp_60	25285997	25286087	91	2	19	exact	0.366667	12.233339
phase6_comp_61	25294985	25295254	270	2	3	exact	0.000000	2.300001
phase6_comp_62	25298327	25299194	868	3	13	exact	0.000000	0.366667
phase6_comp_63	25301990	25302486	497	2	2	exact	0.000000	1.133334
phase6_comp_64	25356569	25356578	10	2	21	exact	0.000000	16.33334
phase6_comp_65	25359733	25360141	409	2	4	exact	0.000000	3.066668
phase6_comp_66	25375042	25375363	322	2	3	exact	0.000000	2.300001
phase6_comp_67	25393149	25394038	890	4	20	exact	2.300001	1.836112
phase6_comp_68	25402999	25403125	127	2	6	exact	0.000000	4.200002
phase6_comp_69	25407454	25407622	169	2	8	exact	0.000000	6.133336
phase6_comp_70	25416636	25416749	114	2	13	exact	0.000000	9.566671
phase6_comp_71	25449216	25449880	665	2	1	exact	0.000000	0.766667
phase6_comp_72	25453378	25453423	46	2	16	exact	0.000000	12.100005
phase6_comp_73	25475634	25476062	429	2	3	exact	0.000000	2.300001
phase6_comp_74	25493578	25493976	399	3	25	exact	0.000000	5.366669
phase6_comp_75	25497247	25497849	603	2	1	exact	0.000000	0.766667
phase6_comp_76	25499064	25499469	406	3	25	exact	0.000000	1.900001
phase6_comp_77	25500481	25501217	737	3	11	exact	0.000000	0.766667
phase6_comp_78	25504716	25505397	682	2	1	exact	0.000000	0.766667
phase6_comp_79	25508820	25509056	237	2	3	exact	0.000000	2.300001
phase6_comp_80	25514599	25514713	115	2	9	exact	0.000000	6.5000029999999995
phase6_comp_81	25518165	25519181	1017	3	7	exact	0.000000	1.900001
phase6_comp_82	25519852	25521172	1321	3	5	exact	0.000000	0.766667
phase6_comp_83	25524923	25525946	1024	5	20	exact	0.000000	3.066668
phase6_comp_84	25526859	25527981	1123	4	19	exact	0.000000	0.366667
phase6_comp_85	25529002	25529995	994	3	3	exact	0.000000	0.366667
phase6_comp_86	25531040	25532587	1548	4	10	exact	0.000000	1.533334
phase6_comp_87	25543221	25543935	715	3	15	exact	0.766667	1.133334
phase6_comp_88	25548778	25549014	237	3	10	exact	0.000000	2.300001
phase6_comp_89	25549763	25549983	221	2	6	exact	0.000000	4.600002
phase6_comp_90	25551178	25551769	592	2	1	exact	0.000000	0.766667
phase6_comp_91	25557191	25557662	472	2	2	exact	0.000000	1.133334
phase6_comp_92	25561403	25562151	749	6	44	exact	0.000000	4.587223
phase6_comp_93	25563479	25563721	243	2	10	exact	0.000000	7.66667
phase6_comp_94	25564608	25564613	6	2	24	exact	0.000000	17.96834
phase6_comp_95	25569311	25569735	425	4	30	exact	0.000000	4.966669
phase6_comp_96	25573171	25573613	443	3	38	exact	0.000000	1.900001
phase6_comp_97	25575767	25576165	399	3	32	exact	0.000000	2.300001
phase6_comp_98	25577662	25578155	494	3	9	exact	0.000000	3.400002
phase6_comp_99	25579245	25579785	541	2	2	exact	0.000000	1.533334
phase6_comp_100	25581148	25581317	170	2	2	exact	0.000000	1.533334
phase6_comp_101	25583198	25585035	1838	6	22	exact	0.000000	0.766667
phase6_comp_102	25586684	25587012	329	2	6	exact	0.000000	3.800002
phase6_comp_103	25588240	25589266	1027	3	4	exact	0.000000	0.766667
phase6_comp_104	25590329	25590383	55	2	14	exact	0.000000	9.533338
phase6_comp_105	25595617	25596347	731	4	23	exact	0.000000	3.800002
phase6_comp_106	25600323	25601336	1014	3	5	exact	0.000000	1.533334
phase6_comp_107	25602634	25604152	1519	10	70	exact	0.766667	0.766667
phase6_comp_108	25604739	25606897	2159	7	42	exact	0.000000	1.133334
phase6_comp_109	25608571	25608591	21	2	18	exact	0.000000	13.633339
phase6_comp_110	25611015	25611840	826	5	29	exact	0.000000	1.533334
phase6_comp_111	25613384	25615676	2293	7	34	exact	0.000000	0.766667
phase6_comp_112	25618924	25619348	425	3	23	exact	0.766667	3.066668
phase6_comp_113	25619793	25621020	1228	6	44	exact	0.000000	1.900001
phase6_comp_114	25624019	25625691	1673	8	60	exact	0.000000	3.833335
phase6_comp_115	25626772	25627917	1146	7	60	exact	0.000000	2.300001
phase6_comp_116	25629821	25630449	629	3	33	exact	0.000000	1.533334
phase6_comp_117	25631138	25632032	895	4	19	exact	0.000000	3.807779
phase6_comp_118	25636163	25636389	227	2	3	exact	0.000000	2.300001
phase6_comp_119	25638418	25639366	949	3	3	exact	0.000000	0.366667
phase6_comp_120	25642222	25642635	414	3	19	exact	0.000000	1.533334
phase6_comp_121	25644952	25646671	1720	7	41	exact	0.000000	3.066668
phase6_comp_122	25648032	25648478	447	2	2	exact	0.000000	1.533334
phase6_comp_123	25649696	25650328	633	5	31	exact	0.000000	3.066668
phase6_comp_124	25653336	25653377	42	2	21	exact	0.000000	15.300006999999999
phase6_comp_125	25655755	25655915	161	3	23	exact	0.000000	8.033337
phase6_comp_126	25658534	25659261	728	3	3	exact	0.000000	0.766667
phase6_comp_127	25660096	25661143	1048	4	16	exact	0.000000	1.533334
phase6_comp_128	25667752	25669214	1463	4	23	exact	0.000000	0.766667
phase6_comp_129	25670332	25670744	413	4	38	exact	0.000000	5.7333359999999995
phase6_comp_130	25672379	25672610	232	3	16	exact	1.900001	3.0666679999999995
phase6_comp_131	25674384	25674385	2	2	30	exact	0.000000	22.433343
phase6_comp_132	25677109	25677452	344	2	3	exact	0.000000	2.300001
phase6_comp_133	25681080	25682730	1651	4	5	exact	0.000000	0.766667
phase6_comp_134	25683851	25684685	835	6	48	exact	0.000000	3.577779
phase6_comp_135	25688368	25688932	565	2	2	exact	0.000000	1.533334
phase6_comp_136	25692700	25692773	74	3	26	exact	0.000000	10.966671
phase6_comp_137	25695065	25695590	526	2	2	exact	0.000000	1.533334
phase6_comp_138	25697392	25698184	793	2	1	exact	0.000000	0.366667
phase6_comp_139	25699126	25699792	667	3	9	exact	0.000000	0.766667
phase6_comp_140	25700568	25702991	2424	10	65	exact	0.766667	0.3666670000000001
phase6_comp_141	25703607	25704795	1189	5	28	exact	0.000000	0.366667
phase6_comp_142	25705873	25706236	364	2	4	exact	0.000000	2.666668
phase6_comp_143	25706930	25707509	580	3	13	exact	0.000000	3.066668
phase6_comp_144	25709126	25709674	549	3	9	exact	0.000000	0.9288890000000001
phase6_comp_145	25711215	25712197	983	4	10	exact	0.000000	0.766667
phase6_comp_146	25712871	25717214	4344	16	76	exact	0.000000	0.306667
phase6_comp_147	25717890	25722879	4990	16	89	exact	0.000000	0.677222
phase6_comp_148	25723837	25726045	2209	8	31	exact	0.000000	0.366667
phase6_comp_149	25726914	25728438	1525	8	53	exact	0.000000	0.511111
phase6_comp_150	25729216	25729975	760	3	22	exact	0.000000	0.511111
phase6_comp_151	25734709	25735823	1115	5	30	exact	0.000000	1.533334
phase6_comp_152	25736755	25738130	1376	8	48	exact	0.000000	0.366667
phase6_comp_153	25738885	25740533	1649	7	40	exact	1.533334	0.766667
phase6_comp_154	25742556	25743692	1137	5	15	exact	0.000000	2.666668
phase6_comp_155	25746110	25747366	1257	4	16	exact	0.000000	0.766667
phase6_comp_156	25751707	25752172	466	2	1	exact	0.000000	0.766667
phase6_comp_157	25755577	25756296	720	2	1	exact	0.000000	0.766667
phase6_comp_158	25761450	25762817	1368	4	7	exact	0.000000	0.766667
phase6_comp_159	25769902	25770486	585	3	15	exact	0.000000	1.035
phase6_comp_160	25773305	25773537	233	2	9	exact	0.000000	5.700003
phase6_comp_161	25779467	25780548	1082	21	43	greedy_refine	3.458333	
phase6_comp_162	25783124	25783199	76	3	5	exact	0.000000	1.38
phase6_comp_163	25845240	25845844	605	3	12	exact	0.000000	3.292223
phase6_comp_164	25846878	25848489	1612	11	79	exact	5.963334	1.0600000000000005
phase6_comp_165	25849125	25849906	782	4	14	exact	0.000000	2.875001
phase6_comp_166	25851548	25852190	643	5	35	exact	0.000000	2.666668
phase6_comp_167	25853354	25854345	992	5	43	exact	0.000000	3.816668
phase6_comp_168	25855653	25856028	376	2	5	exact	0.000000	3.833335
phase6_comp_169	25856610	25857008	399	2	3	exact	0.000000	2.300001
phase6_comp_170	25858345	25859033	689	3	25	exact	0.000000	0.766667
phase6_comp_171	25859575	25860253	679	4	34	exact	0.000000	2.300001
phase6_comp_172	25861012	25863641	2630	11	86	exact	0.741111	1.5588899999999999
phase6_comp_173	25864971	25869218	4248	17	128	exact	0.000000	0.366667
phase6_comp_174	25870490	25871593	1104	6	35	exact	0.000000	1.533334
phase6_comp_175	25872127	25873687	1561	5	26	exact	0.000000	0.587778
phase6_comp_176	25874912	25876063	1152	11	57	exact	0.000000	2.300001
phase6_comp_177	25877049	25877645	597	3	8	exact	0.000000	1.533334
phase6_comp_178	25878685	25879314	630	2	2	exact	0.000000	1.133334
phase6_comp_179	25883009	25885544	2536	14	78	exact	4.485000	0.36666699999999963
phase6_comp_180	25886939	25886961	23	2	28	exact	0.000000	20.632231
phase6_comp_181	25890415	25890438	24	2	22	exact	0.000000	16.93334
phase6_comp_182	25892021	25893725	1705	9	53	exact	0.000000	1.533334
phase6_comp_183	25894655	25895216	562	3	18	exact	0.000000	3.424445
phase6_comp_184	25898408	25899126	719	5	52	exact	5.456110	4.2000020000000005
phase6_comp_185	25902494	25902565	72	2	15	exact	0.000000	11.346671
phase6_comp_186	25905124	25905850	727	3	17	exact	0.000000	0.366667
phase6_comp_187	25909350	25909594	245	3	37	exact	0.000000	9.608893
phase6_comp_188	25910570	25912422	1853	5	13	exact	0.000000	0.766667
phase6_comp_189	25914497	25914917	421	2	3	exact	0.000000	1.900001
phase6_comp_190	25916076	25916344	269	2	3	exact	0.000000	2.146667
phase6_comp_191	25917999	25918487	489	3	13	exact	0.000000	2.411112
phase6_comp_192	25920188	25920221	34	2	30	exact	0.293889	21.489451
phase6_comp_193	25921269	25921681	413	2	4	exact	0.000000	2.628334
phase6_comp_194	25922539	25922943	405	2	1	exact	0.000000	0.766667
phase6_comp_195	25925743	25926847	1105	5	23	exact	0.000000	0.766667
phase6_comp_196	25934275	25936415	2141	7	32	exact	0.000000	0.753889
phase6_comp_197	25937955	25939181	1227	3	3	exact	0.000000	0.766667
phase6_comp_198	25940253	25940711	459	3	32	exact	0.000000	1.533334
phase6_comp_199	25942296	25942926	631	5	32	exact	0.000000	2.3205549999999997
phase6_comp_200	25944414	25944485	72	2	14	exact	0.000000	9.98278
phase6_comp_201	25948357	25948431	75	2	22	exact	0.000000	16.700563
phase6_comp_202	25949283	25951567	2285	7	16	exact	0.000000	0.366667
phase6_comp_203	25952835	25954024	1190	5	28	exact	0.000000	1.277778
phase6_comp_204	25954916	25955229	314	3	18	exact	0.000000	7.867226
phase6_comp_205	25955816	25956634	819	4	30	exact	0.000000	0.766667
phase6_comp_206	25958256	25958596	341	3	11	exact	0.000000	2.266668
phase6_comp_207	25959171	25959443	273	3	31	exact	0.000000	2.657778
phase6_comp_208	25960327	25960569	243	3	13	exact	3.833335	0.21722199999999958
phase6_comp_209	25961998	25962413	416	2	2	exact	0.000000	1.533334
phase6_comp_210	25963037	25963295	259	2	6	exact	0.000000	3.437222
phase6_comp_211	25964166	25967325	3160	12	73	exact	0.000000	0.664444
phase6_comp_212	25968271	25968779	509	3	9	exact	0.000000	1.533334
phase6_comp_213	25970026	25971140	1115	3	2	exact	0.000000	0.766667
phase6_comp_214	25973656	25976688	3033	8	46	exact	0.000000	0.366667
phase6_comp_215	25978526	25979598	1073	5	28	exact	0.000000	4.101669
phase6_comp_216	25984073	25985325	1253	6	44	exact	0.000000	1.533334
phase6_comp_217	25987287	25987507	221	2	6	exact	0.000000	3.800002
phase6_comp_218	25988629	25989036	408	2	5	exact	0.000000	3.433335
phase6_comp_219	25990349	25990691	343	2	1	exact	0.000000	0.766667
phase6_comp_220	25993631	25993730	100	2	5	exact	0.000000	3.033335
phase6_comp_221	25994515	25995038	524	2	1	exact	0.000000	0.766667
phase6_comp_222	25995930	25996101	172	2	5	exact	0.000000	3.833335
phase6_comp_223	25997213	25999329	2117	8	38	exact	0.000000	0.600556
phase6_comp_224	26000031	26000538	508	2	2	exact	0.000000	1.277778
phase6_comp_225	26001917	26002648	732	4	24	exact	0.000000	4.766112
phase6_comp_226	26003584	26004160	577	2	1	exact	0.000000	0.766667
phase6_comp_227	26005915	26006929	1015	3	2	exact	0.000000	0.613333
phase6_comp_228	26010631	26011245	615	3	21	exact	0.000000	0.755555
phase6_comp_229	26014414	26014429	16	2	3	exact	0.000000	1.5333329999999998
phase6_comp_230	26017412	26017421	10	2	4	exact	0.000000	1.777777
phase6_comp_231	26025429	26026057	629	8	11	exact	0.000000	0.511111
phase6_comp_232	26053674	26053871	198	4	27	exact	0.000000	2.044444
phase6_comp_233	26062791	26062793	3	2	1	exact	0.000000	0.345
phase6_comp_234	26069375	26070113	739	7	10	exact	0.000000	0.345
phase6_comp_235	26071629	26072272	644	3	4	exact	0.000000	0.152778
phase6_comp_236	26074247	26075101	855	2	2	exact	0.000000	0.877778
phase6_comp_237	26075556	26076217	662	3	17	exact	0.000000	0.165
phase6_comp_238	26077263	26084051	6789	125	525	greedy_refine	93.317784	
phase6_comp_239	26085721	26086404	684	2	1	exact	0.000000	0.345
phase6_comp_240	26091633	26091946	314	2	8	exact	0.000000	4.855556
phase6_comp_241	26092637	26092844	208	2	6	exact	0.000000	4.191112
phase6_comp_242	26136850	26137104	255	2	5	exact	0.000000	2.633335
phase6_comp_243	26154006	26154769	764	2	1	exact	0.000000	0.766667
phase6_comp_244	26159533	26161450	1918	4	4	exact	0.000000	0.766667
phase6_comp_245	26196177	26196599	423	2	4	exact	0.000000	2.666668
phase6_comp_246	26197503	26197856	354	2	3	exact	0.000000	1.851112
phase6_comp_247	26211983	26212141	159	2	4	exact	0.000000	3.066668
phase6_comp_248	26213468	26213954	487	2	1	exact	0.000000	0.766667
phase6_comp_249	26215688	26216146	459	2	2	exact	0.000000	1.533334
phase6_comp_250	26217295	26218217	923	3	5	exact	0.000000	1.533334
phase6_comp_251	26222462	26222982	521	2	1	exact	0.000000	0.511111
phase6_comp_252	26228204	26228622	419	3	17	exact	0.000000	4.200002
phase6_comp_253	26232794	26232896	103	3	27	exact	0.000000	12.966671
phase6_comp_254	26236339	26237826	1488	5	22	exact	0.000000	0.511111
phase6_comp_255	26244015	26244866	852	3	8	exact	0.000000	0.366667
phase6_comp_256	26247138	26247366	229	2	1	exact	0.000000	0.536667
phase6_comp_257	26259002	26259474	473	4	28	exact	0.000000	4.255002
phase6_comp_258	26262172	26263359	1188	5	25	exact	0.511111	0.7538890000000001
phase6_comp_259	26272879	26273046	168	4	21	exact	0.000000	4.600002
phase6_comp_260	26276905	26277551	647	3	13	exact	0.000000	4.600002
phase6_comp_261	26278790	26279893	1104	4	11	exact	0.000000	1.900001
phase6_comp_262	26283565	26283780	216	3	22	exact	0.000000	5.366669
phase6_comp_263	26286217	26286750	534	3	15	exact	0.000000	0.366667
phase6_comp_264	26287332	26287877	546	3	7	exact	0.000000	1.533334
phase6_comp_265	26289615	26289712	98	2	13	exact	0.000000	9.966671
phase6_comp_266	26291514	26292153	640	3	8	exact	0.000000	0.766667
phase6_comp_267	26294532	26294555	24	2	30	exact	0.366667	20.269453
phase6_comp_268	26297392	26297614	223	2	6	exact	0.000000	4.600002
phase6_comp_269	26300980	26304566	3587	12	65	exact	0.000000	0.306667
phase6_comp_270	26305238	26305320	83	3	27	exact	0.000000	10.533338
phase6_comp_271	26308602	26309289	688	3	4	exact	0.000000	0.766667
phase6_comp_272	26314825	26315749	925	4	13	exact	0.000000	1.303334
phase6_comp_273	26322114	26322131	18	2	22	exact	0.000000	16.418895
phase6_comp_274	26322811	26323169	359	4	37	exact	0.000000	3.066668
phase6_comp_275	26324988	26327375	2388	9	46	exact	0.000000	1.133334
phase6_comp_276	26331555	26331557	3	2	21	exact	0.000000	15.93334
phase6_comp_277	26334265	26334741	477	3	9	exact	0.000000	2.300001
phase6_comp_278	26335827	26336501	675	3	10	exact	0.000000	2.300001
phase6_comp_279	26338521	26338899	379	3	16	exact	0.766667	4.966669
phase6_comp_280	26341254	26341494	241	2	3	exact	0.000000	1.146112
phase6_comp_281	26343619	26344268	650	2	1	exact	0.000000	0.766667
phase6_comp_282	26347985	26348083	99	2	12	exact	0.000000	9.200004
phase6_comp_283	26351922	26352297	376	2	2	exact	0.000000	1.533334
phase6_comp_284	26353739	26353786	48	2	14	exact	0.000000	7.7155569999999996
phase6_comp_285	26354255	26354476	222	2	3	exact	0.000000	2.300001
phase6_comp_286	26356736	26357893	1158	5	32	exact	0.000000	0.766667
phase6_comp_287	26358695	26359888	1194	5	11	exact	0.000000	1.533334
phase6_comp_288	26362391	26367370	4980	10	53	exact	0.638889	0.03833299999999995
phase6_comp_289	26368388	26368897	510	3	12	exact	0.000000	4.200002
phase6_comp_290	26369574	26370360	787	3	9	exact	0.626111	0.14055600000000001
phase6_comp_291	26371336	26371766	431	2	1	exact	0.000000	0.766667
phase6_comp_292	26372340	26372453	114	2	10	exact	0.000000	7.049447
phase6_comp_293	26374466	26375652	1187	4	9	exact	0.000000	0.366667
phase6_comp_294	26377021	26378384	1364	8	58	exact	0.000000	1.533334
phase6_comp_295	26379934	26380564	631	3	8	exact	0.000000	0.766667
phase6_comp_296	26381006	26385553	4548	37	193	greedy_refine	1.755556	
phase6_comp_297	26508868	26509641	774	4	12	exact	0.702777	0.7666679999999999
phase6_comp_298	26511902	26511907	6	2	57	exact	0.000000	24.219988999999998
phase6_comp_299	26521099	26521418	320	3	36	exact	1.111667	5.532784
phase6_comp_300	26532977	26533089	113	2	15	exact	0.000000	4.319447
phase6_comp_301	27238680	27238855	176	4	6	exact	0.000000	0.511111
phase6_comp_302	27256633	27256660	28	2	1	exact	0.000000	0.92
phase6_comp_303	27264732	27264884	153	7	2	exact	0.000000	0.255556
phase6_comp_304	27266971	27267843	873	5	6	exact	0.000000	0.255556
phase6_comp_305	27269547	27269648	102	5	1	exact	0.000000	0.244444
phase6_comp_306	27272773	27272808	36	2	1	exact	0.000000	0.741111
phase6_comp_307	28729740	28730815	1076	6	53	exact	2.606666	0.2044459999999999
phase6_comp_308	28731598	28732390	793	6	159	exact	8.608334	3.249442
phase6_comp_309	28733675	28735039	1365	7	55	exact	0.000000	0.766667
phase6_comp_310	28738714	28739104	391	2	2	exact	0.000000	1.133334
phase6_comp_311	28739917	28743744	3828	24	185	greedy_refine	14.198892	
phase6_comp_312	28744966	28746747	1782	10	202	exact	17.419451	1.3800000000000026
phase6_comp_313	28748128	28749589	1462	14	279	exact	12.697225	0.2044460000000008
phase6_comp_314	28750321	28750958	638	6	59	exact	0.000000	4.566669
phase6_comp_315	28752837	28754569	1733	9	59	exact	0.000000	1.957222
phase6_comp_316	28758025	28761575	3551	13	96	exact	0.000000	0.733334
phase6_comp_317	28762587	28762708	122	3	25	exact	0.000000	7.900003
phase6_comp_318	28763390	28764163	774	5	35	exact	0.766667	1.533334
phase6_comp_319	28766436	28768196	1761	8	58	exact	4.561667	1.533334
phase6_comp_320	28769756	28771244	1489	6	45	exact	0.000000	0.69
phase6_comp_321	28773467	28774536	1070	4	24	exact	2.146667	0.9672230000000002
phase6_comp_322	28775478	28776798	1321	6	13	exact	0.000000	0.766667
phase6_comp_323	28777241	28779763	2523	17	85	exact	0.000000	0.511111
phase6_comp_324	28828033	28829455	1423	6	25	exact	0.000000	0.958333
phase6_comp_325	28833562	28835025	1464	7	51	exact	4.117778	0.8688889999999994
phase6_comp_326	28836613	28836863	251	25	126	greedy_refine	74.743353	
phase6_comp_327	28838266	28842111	3846	158	3200	greedy_refine	1123.731707	
phase6_comp_328	28868779	28871576	2798	7	13	exact	0.000000	0.638889
phase6_comp_329	28873895	28874592	698	3	10	exact	0.000000	1.38
phase6_comp_330	28875421	28875546	126	2	8	exact	0.000000	6.133336
phase6_comp_331	28876430	28877755	1326	7	45	exact	4.026666	0.27500000000000036
phase6_comp_332	28879010	28879937	928	5	24	exact	0.000000	0.766667
phase6_comp_333	28883129	28883196	68	2	15	exact	0.000000	11.166671
phase6_comp_334	28924973	28926122	1150	7	65	exact	2.245001	0.2444440000000001
phase6_comp_335	28927130	28927482	353	3	14	exact	0.000000	6.487225
phase6_comp_336	28928589	28929214	626	5	46	exact	0.000000	3.833335
phase6_comp_337	28931002	28932535	1534	7	43	exact	0.000000	1.022222
phase6_comp_338	28933714	28937909	4196	15	94	exact	2.287222	0.3666670000000001
phase6_comp_339	28941713	28942372	660	4	47	exact	0.766667	0.026666999999999996
phase6_comp_340	28943563	28944394	832	5	78	exact	13.000006	3.066668
phase6_comp_341	28945626	28947195	1570	6	22	exact	1.277778	0.766667
phase6_comp_342	28950110	28950453	344	5	58	exact	12.121111	3.490005
phase6_comp_343	28951289	28951476	188	3	24	exact	0.000000	7.66667
phase6_comp_344	28952399	28954480	2082	8	181	exact	14.639449	1.533334
phase6_comp_345	29014054	29016365	2312	9	62	exact	0.000000	0.281111
phase6_comp_346	29017228	29017561	334	3	12	exact	0.000000	3.516668
phase6_comp_347	29018415	29019937	1523	6	32	exact	0.000000	0.766667
phase6_comp_348	29021781	29022328	548	3	36	exact	0.000000	0.766667
phase6_comp_349	29025044	29027756	2713	14	150	exact	20.105553	0.02556200000000075
phase6_comp_350	29032829	29033341	513	3	15	exact	0.000000	3.577779
phase6_comp_351	29036561	29037188	628	3	18	exact	0.000000	0.766667
phase6_comp_352	29038750	29040908	2159	8	48	exact	1.588889	1.2266659999999998
phase6_comp_353	29042682	29044472	1791	8	106	exact	19.608887	0.36388900000000035
phase6_comp_354	29046064	29046507	444	2	3	exact	0.000000	2.300001
phase6_comp_355	29052127	29057884	5758	24	426	greedy_refine	30.837788	
phase6_comp_356	29058992	29059950	959	3	31	exact	3.948334	0.08555699999999966
phase6_comp_357	29060822	29061906	1085	6	37	exact	1.074999	0.058335000000000026
phase6_comp_358	29065641	29065920	280	3	38	exact	4.902778	2.9016640000000002
phase6_comp_359	29066733	29066853	121	2	11	exact	0.000000	6.717224
phase6_comp_360	29067712	29068775	1064	5	57	exact	13.252218	1.022222000000001
phase6_comp_361	29069704	29069714	11	3	28	exact	1.572222	10.470553
phase6_comp_362	29070337	29071283	947	3	6	exact	1.022222	0.012777999999999956
phase6_comp_363	29072530	29072647	118	2	19	exact	2.913334	3.207222
phase6_comp_364	29073592	29074037	446	3	117	exact	20.808896	0.7666669999999982
phase6_comp_365	29078792	29080644	1853	9	132	exact	36.901682	0.5711110000000019
phase6_comp_366	29081930	29082288	359	3	41	exact	4.991666	3.4333349999999996
phase6_comp_367	29083800	29084471	672	2	1	exact	0.000000	0.613333
phase6_comp_368	29085701	29087595	1895	11	146	exact	2.209445	1.0222229999999999
phase6_comp_369	29091244	29092369	1126	5	106	exact	1.929444	0.7016659999999999
phase6_comp_370	29093488	29094543	1056	3	11	exact	0.690000	2.376668
phase6_comp_371	29097503	29098058	556	5	45	exact	0.000000	6.900003
phase6_comp_372	29100243	29101886	1644	8	55	exact	1.265000	3.066668
phase6_comp_373	29105773	29106147	375	7	68	exact	1.661112	10.700002999999999
phase6_comp_374	29108216	29109060	845	4	27	exact	2.389445	0.6772230000000001
phase6_comp_375	29113046	29113367	322	4	115	exact	5.733336	17.743893
phase6_comp_376	29115591	29117136	1546	5	41	exact	5.554443	0.766667
phase6_comp_377	29119202	29119692	491	3	83	exact	11.100005	4.302222
phase6_comp_378	29205053	29206809	1757	9	91	exact	9.200004	0.0
phase6_comp_379	29208143	29208750	608	4	30	exact	0.000000	1.533334
phase6_comp_380	29210626	29213539	2914	12	61	exact	0.000000	0.766667
phase6_comp_381	29215695	29215885	191	3	41	exact	0.000000	7.2666699999999995
phase6_comp_382	29216746	29219209	2464	13	97	exact	4.543889	0.766667
phase6_comp_383	29219896	29221583	1688	12	92	exact	0.000000	3.531667
phase6_comp_384	29222328	29225416	3089	11	75	exact	0.856111	0.728333
phase6_comp_385	29227427	29230475	3049	10	57	exact	0.000000	0.766667
phase6_comp_386	29231263	29231292	30	3	23	exact	0.000000	15.633339
phase6_comp_387	29232436	29233703	1268	11	89	exact	0.000000	7.398334
phase6_comp_388	29234324	29239628	5305	33	221	greedy_refine	1.900001	
phase6_comp_389	29240773	29241780	1008	5	60	exact	4.701111	0.766667
phase6_comp_390	29243991	29246017	2027	9	78	exact	0.000000	0.46
phase6_comp_391	29247127	29247195	69	3	55	exact	15.978888	0.3416730000000019
phase6_comp_392	29248150	29248726	577	5	50	exact	3.590556	5.41389
phase6_comp_393	29249373	29250621	1249	6	44	exact	0.000000	2.300001
phase6_comp_394	29251304	29253157	1854	12	95	exact	2.055555	0.9199999999999999
phase6_comp_395	29253960	29255557	1598	11	125	exact	0.000000	3.00889
phase6_comp_396	29256756	29259116	2361	8	62	exact	6.206112	0.36666699999999963
phase6_comp_397	29259852	29260544	693	3	11	exact	0.000000	2.300001
phase6_comp_398	29440099	29440428	330	2	2	exact	0.000000	1.133334
phase6_comp_399	29447137	29447785	649	4	40	exact	0.000000	1.533334
phase6_comp_400	29448492	29449518	1027	5	26	exact	0.000000	1.5000010000000001
phase6_comp_401	29454543	29455114	572	4	31	exact	1.712223	2.300001
phase6_comp_402	29462015	29463812	1798	5	18	exact	0.000000	0.766667
phase6_comp_403	29464529	29465331	803	6	36	exact	0.000000	2.421112
phase6_comp_404	29466548	29467812	1265	4	18	exact	0.000000	0.766667
phase6_comp_405	29469900	29471867	1968	7	51	exact	0.000000	0.366667
phase6_comp_406	29473431	29473621	191	2	2	exact	0.000000	1.533334
phase6_comp_407	29474407	29474441	35	2	16	exact	0.000000	12.426115
phase6_comp_408	29475551	29475621	71	2	17	exact	0.000000	12.518338
phase6_comp_409	29476457	29476682	226	3	36	exact	0.000000	3.833335
phase6_comp_410	29478006	29479277	1272	6	124	exact	14.684445	0.40000000000000036
phase6_comp_411	29481154	29481399	246	3	20	exact	0.000000	1.635555
phase6_comp_412	29483384	29483497	114	2	6	exact	0.000000	2.734444
phase6_comp_413	29484559	29484635	77	3	17	exact	0.000000	9.088336
phase6_comp_414	29485212	29485405	194	3	79	exact	21.565559	2.0700009999999978
phase6_comp_415	29486958	29488201	1244	10	58	exact	0.000000	2.300001
phase6_comp_416	29490711	29491341	631	4	23	exact	0.000000	0.766667
phase6_comp_417	29492071	29492160	90	2	13	exact	0.000000	9.166671
phase6_comp_418	29494468	29494720	253	2	1	exact	0.000000	0.165
phase6_comp_419	29495386	29500383	4998	15	230	exact	35.023340	0.19334200000000124
phase6_comp_420	29501755	29502132	378	2	7	exact	0.000000	2.8166659999999997
phase6_comp_421	29503824	29504051	228	2	6	exact	0.000000	4.280557
phase6_comp_422	29504664	29509980	5317	20	299	greedy_refine	31.842785	
phase6_comp_423	29512686	29513868	1183	4	27	exact	3.867779	0.10222100000000012
phase6_comp_424	29515568	29515880	313	3	43	exact	9.200555	3.2250010000000007
phase6_comp_425	29517117	29517308	192	2	3	exact	0.000000	1.316111
phase6_comp_426	29518474	29518894	421	3	24	exact	0.306667	3.488334
phase6_comp_427	29522811	29523149	339	2	1	exact	0.000000	0.613333
phase6_comp_428	29523905	29526238	2334	14	121	exact	0.000000	1.533334
phase6_comp_429	29526915	29527410	496	3	13	exact	0.000000	1.022222
phase6_comp_430	29527828	29528775	948	8	59	exact	0.000000	2.912777
phase6_comp_431	29529943	29530445	503	3	8	exact	0.000000	1.827222
phase6_comp_432	29531873	29534066	2194	11	81	exact	0.000000	1.900001
phase6_comp_433	29537764	29540476	2713	5	13	exact	0.000000	0.46
phase6_comp_434	29545048	29548606	3559	11	62	exact	0.000000	0.766667
phase6_comp_435	29549405	29549750	346	2	2	exact	0.000000	1.239444
phase6_comp_436	29550741	29552737	1997	6	16	exact	0.000000	0.766667
phase6_comp_437	29553365	29556409	3045	14	75	exact	0.562222	0.766667
phase6_comp_438	29557288	29557929	642	4	26	exact	0.000000	3.701669
phase6_comp_439	29559110	29560410	1301	7	52	exact	0.000000	1.277778
phase6_comp_440	29567137	29570425	3289	10	39	exact	0.000000	0.9161110000000001
phase6_comp_441	29571699	29574182	2484	6	14	exact	0.000000	0.766667
phase6_comp_442	29577028	29578613	1586	6	40	exact	0.000000	1.022222
phase6_comp_443	29580337	29580628	292	3	17	exact	0.000000	2.657778
phase6_comp_444	29581413	29581595	183	3	21	exact	0.000000	7.133336
phase6_comp_445	29583620	29584195	576	3	11	exact	0.000000	2.913334
phase6_comp_446	29586860	29587200	341	2	3	exact	0.000000	1.7505549999999999
phase6_comp_447	29588600	29590482	1883	6	30	exact	0.000000	0.766667
phase6_comp_448	29594110	29595539	1430	5	25	exact	0.766667	0.766667
phase6_comp_449	29597302	29598573	1272	6	35	exact	0.000000	1.15
phase6_comp_450	29599101	29599165	65	2	14	exact	0.000000	10.733338
phase6_comp_451	29600213	29600239	27	2	21	exact	0.000000	15.136116
phase6_comp_452	29601946	29602409	464	2	2	exact	0.000000	1.533334
phase6_comp_453	29605104	29605588	485	2	2	exact	0.000000	1.277778
phase6_comp_454	29608520	29608615	96	2	9	exact	0.000000	5.609445
phase6_comp_455	29611023	29611579	557	3	10	exact	0.000000	3.944446
phase6_comp_456	29612644	29613514	871	4	16	exact	0.000000	1.38
phase6_comp_457	29621403	29624663	3261	11	70	exact	0.000000	0.600556
phase6_comp_458	29625189	29625654	466	3	7	exact	0.000000	2.300001
phase6_comp_459	29628726	29629020	295	2	2	exact	0.000000	1.533334
phase6_comp_460	29629627	29629732	106	2	4	exact	0.000000	2.411112
phase6_comp_461	29630554	29631264	711	3	8	exact	0.345000	0.766667
phase6_comp_462	29633541	29633765	225	2	8	exact	0.511111	2.372222
phase6_comp_463	29635169	29635922	754	3	5	exact	0.000000	0.766667
phase6_comp_464	29638145	29640164	2020	6	25	exact	0.600555	0.16611200000000004
phase6_comp_465	29640781	29641364	584	2	1	exact	0.000000	0.366667
phase6_comp_466	29644186	29644652	467	4	25	exact	0.753888	1.533334
phase6_comp_467	29645642	29645650	9	2	29	exact	0.000000	18.450006
phase6_comp_468	29646344	29646785	442	2	2	exact	0.000000	1.533334
phase6_comp_469	29647832	29648224	393	3	14	exact	0.742777	2.300001
phase6_comp_470	29649434	29650427	994	5	35	exact	4.778888	0.36666699999999963
phase6_comp_471	29652620	29653049	430	2	6	exact	0.460000	3.373335
phase6_comp_472	29653789	29654367	579	2	3	exact	0.000000	1.024445
phase6_comp_473	29655623	29656204	582	2	1	exact	0.000000	0.766667
phase6_comp_474	29656766	29658411	1646	7	59	exact	0.000000	1.475556
phase6_comp_475	29662222	29662305	84	2	10	exact	0.000000	5.405002
phase6_comp_476	29663200	29663289	90	2	6	exact	0.000000	3.092222
phase6_comp_477	29664235	29664789	555	3	5	exact	0.000000	1.533334
phase6_comp_478	29666682	29667008	327	2	7	exact	0.000000	5.034447
phase6_comp_479	29667967	29668483	517	5	38	exact	0.000000	5.366669
phase6_comp_480	29670800	29672149	1350	4	10	exact	1.533333	1.0222230000000003
phase6_comp_481	29673716	29677458	3743	14	97	exact	5.903332	0.766667
phase6_comp_482	29679892	29680585	694	4	22	exact	0.702777	3.194446
phase6_comp_483	29681749	29682903	1155	4	13	exact	0.511111	0.36666699999999997
phase6_comp_484	29683749	29684470	722	3	11	exact	0.000000	0.600556
phase6_comp_485	29685266	29685647	382	2	4	exact	0.000000	2.666668
phase6_comp_486	29686274	29686361	88	2	13	exact	0.000000	8.589447999999999
phase6_comp_487	29687425	29688247	823	3	8	exact	0.000000	0.766667
phase6_comp_488	29689467	29691120	1654	9	71	exact	0.511111	0.7666670000000001
phase6_comp_489	29694806	29695368	563	3	5	exact	1.009444	0.12389000000000006
phase6_comp_490	29698289	29699489	1201	5	39	exact	0.000000	0.766667
phase6_comp_491	29703874	29704125	252	2	5	exact	0.000000	3.833335
phase6_comp_492	29708125	29708676	552	2	1	exact	0.000000	0.766667
phase6_comp_493	29709773	29710299	527	3	21	exact	0.000000	2.666668
phase6_comp_494	29712308	29714310	2003	7	23	exact	0.000000	0.766667
phase6_comp_495	29715192	29715511	320	3	19	exact	0.000000	0.766667
phase6_comp_496	29717367	29717868	502	5	35	exact	0.000000	4.166669
phase6_comp_497	29720130	29720520	391	3	7	exact	0.000000	1.533334
phase6_comp_498	29721502	29721757	256	3	22	exact	0.183333	2.300001
phase6_comp_499	29722765	29724952	2188	14	67	exact	0.000000	0.766667
phase6_comp_500	29725947	29727026	1080	5	27	exact	0.000000	1.916667
phase6_comp_501	29729781	29730124	344	3	24	exact	0.000000	4.491668
phase6_comp_502	29731544	29732082	539	4	27	exact	0.000000	4.890002
phase6_comp_503	29734798	29735537	740	4	27	exact	0.000000	1.133334
phase6_comp_504	29736342	29736924	583	2	1	exact	0.000000	0.766667
phase6_comp_505	29738301	29739382	1082	4	7	exact	0.000000	0.587778
phase6_comp_506	29740237	29740747	511	4	29	exact	0.000000	2.300001
phase6_comp_507	29741650	29742714	1065	5	42	exact	0.345000	0.766667
phase6_comp_508	29743437	29743723	287	3	32	exact	2.619444	11.513896
phase6_comp_509	29744442	29746614	2173	7	33	exact	0.511111	1.533334
phase6_comp_510	29748349	29748697	349	2	3	exact	0.000000	2.300001
phase6_comp_511	29751781	29752213	433	2	1	exact	0.000000	0.766667
phase6_comp_512	29754913	29755322	410	4	31	exact	0.000000	3.433335
phase6_comp_513	29756118	29757909	1792	10	29	exact	1.533334	0.766667
phase6_comp_514	29758413	29758770	358	2	4	exact	0.000000	3.066668
phase6_comp_515	29761628	29762790	1163	6	40	exact	1.022222	3.2966669999999993
phase6_comp_516	29763675	29765955	2281	7	49	exact	0.690000	0.766667
phase6_comp_517	29766664	29768525	1862	9	57	exact	0.766667	3.066668
phase6_comp_518	29772508	29772626	119	2	12	exact	0.000000	8.944448
phase6_comp_519	29773586	29773804	219	2	7	exact	0.000000	4.566669
phase6_comp_520	29775160	29776701	1542	6	49	exact	5.302777	1.533334
phase6_comp_521	29777757	29778189	433	4	28	exact	0.000000	6.100003
phase6_comp_522	29780055	29781761	1707	6	26	exact	0.000000	1.533334
phase6_comp_523	29782763	29783243	481	3	6	exact	0.000000	2.300001
phase6_comp_524	29784410	29784720	311	3	21	exact	0.000000	3.833335
phase6_comp_525	29786998	29787104	107	2	17	exact	0.000000	12.041672
phase6_comp_526	29789633	29790295	663	4	14	exact	0.000000	4.382779
phase6_comp_527	29791809	29792323	515	3	16	exact	0.000000	2.13389
phase6_comp_528	29794123	29794412	290	2	7	exact	1.661110	0.051112999999999964
phase6_comp_529	29797131	29797206	76	2	12	exact	0.000000	8.000004
phase6_comp_530	29799973	29803039	3067	11	77	exact	2.951665	0.02166900000000016
phase6_comp_531	29804771	29805124	354	4	46	exact	5.559999	6.155003000000001
phase6_comp_532	29806408	29808283	1876	8	56	exact	2.325555	0.766667
phase6_comp_533	29809573	29811188	1616	5	38	exact	1.733890	0.2849999999999999
phase6_comp_534	29811938	29813299	1362	5	26	exact	0.319444	1.725001
phase6_comp_535	29815375	29815499	125	2	6	exact	0.000000	3.305556
phase6_comp_536	29818046	29818815	770	5	38	exact	0.000000	4.600002
phase6_comp_537	29819566	29820588	1023	5	32	exact	0.366667	1.8183319999999998
phase6_comp_538	29821559	29822843	1285	5	45	exact	3.957224	1.1333339999999996
phase6_comp_539	29826648	29829847	3200	13	144	exact	0.766667	2.922223
phase6_comp_540	29831894	29834870	2977	12	72	exact	0.000000	0.366667
phase6_comp_541	29835780	29836113	334	3	44	exact	2.300001	0.849999
phase6_comp_542	29837826	29837874	49	2	27	exact	0.000000	20.433896999999998
phase6_comp_543	29840911	29841102	192	2	1	exact	0.000000	0.766667
phase6_comp_544	29841931	29842951	1021	7	62	exact	0.000000	3.74389
phase6_comp_545	29843467	29845489	2023	6	30	exact	0.000000	0.766667
phase6_comp_546	29848742	29848804	63	3	20	exact	0.000000	9.452222
phase6_comp_547	29850706	29851002	297	3	22	exact	0.000000	1.533334
phase6_comp_548	29855914	29856776	863	3	3	exact	0.000000	0.511111
phase6_comp_549	29858399	29858516	118	3	24	exact	0.000000	12.466671999999999
phase6_comp_550	29859015	29859829	815	4	14	exact	0.000000	1.533334
phase6_comp_551	29860819	29861498	680	4	17	exact	1.086111	0.44722300000000015
phase6_comp_552	29862460	29862584	125	3	29	exact	0.779444	12.377782999999999
phase6_comp_553	29863262	29864032	771	4	12	exact	0.000000	1.133334
phase6_comp_554	29865177	29866639	1463	6	39	exact	1.022222	0.7283329999999999
phase6_comp_555	29868380	29868827	448	2	4	exact	0.000000	3.066668
phase6_comp_556	29869925	29870928	1004	3	6	exact	0.366667	0.357778
phase6_comp_557	29871434	29873085	1652	5	13	exact	0.000000	0.766667
phase6_comp_558	29874495	29875151	657	3	7	exact	0.000000	1.478334
phase6_comp_559	29876110	29876993	884	4	73	exact	6.684445	0.5455559999999995
phase6_comp_560	29878386	29879533	1148	5	239	exact	34.826671	0.3727870000000024
phase6_comp_561	29880556	29880997	442	3	159	exact	0.000000	12.496113
phase6_comp_562	29882368	29882564	197	2	26	exact	0.000000	12.61222
phase6_comp_563	29883755	29884384	630	3	55	exact	0.766667	3.3305550000000004
phase6_comp_564	29891403	29892679	1277	6	116	exact	4.966669	4.280557
phase6_comp_565	29893772	29896358	2587	10	112	exact	9.566671	0.766667
phase6_comp_566	29896977	29899469	2493	12	74	exact	0.000000	3.433335
phase6_comp_567	29900057	29902658	2602	12	61	exact	0.000000	1.022222
phase6_comp_568	29903776	29904849	1074	4	15	exact	0.000000	1.533334
phase6_comp_569	29905406	29905423	18	2	26	exact	0.766667	18.866674000000003
phase6_comp_570	29906570	29910778	4209	38	169	greedy_refine	0.348333	
phase6_comp_571	29913138	29915303	2166	48	75	greedy_refine	0.311667	
phase6_comp_572	29915909	29916904	996	26	31	greedy_refine	2.613889	
phase6_comp_573	29917003	29917087	85	5	6	exact	0.000000	0.511111
phase6_comp_574	29919460	29919600	141	4	4	exact	0.000000	0.511111
phase6_comp_575	29919806	29920601	796	16	15	exact	0.244444	0.06222300000000003
phase6_comp_576	29923399	29925150	1752	32	27	greedy_refine	0.000000	
phase6_comp_577	29926508	29926672	165	5	4	exact	0.000000	0.281111
phase6_comp_578	29928110	29929078	969	13	11	exact	0.000000	0.268333
phase6_comp_579	29929757	29929833	77	4	4	exact	0.000000	2.600555
phase6_comp_580	29930271	29930339	69	3	1	exact	0.000000	0.281111
phase6_comp_581	29931018	29933603	2586	47	72	greedy_refine	0.511111	
phase6_comp_582	29934167	29934960	794	15	66	exact	0.000000	0.306667
phase6_comp_583	29936949	29937052	104	5	1	exact	0.000000	0.189444
phase6_comp_584	29937950	29938314	365	9	4	exact	0.000000	0.268333
phase6_comp_585	29940422	29940607	186	7	1	exact	0.000000	0.268889
phase6_comp_586	29941052	29941076	25	2	1	exact	0.000000	0.396111
phase6_comp_587	29941200	29941518	319	4	11	exact	0.421667	1.252222
phase6_comp_588	29942634	29942748	115	5	2	exact	0.255556	0.05111100000000002
phase6_comp_589	29944951	29945153	203	6	2	exact	0.000000	0.511111
phase6_comp_590	29947587	29948293	707	16	14	exact	0.653333	0.12611100000000008
phase6_comp_591	29949057	29950061	1005	15	14	exact	0.000000	0.511111
phase6_comp_592	29950608	29951689	1082	13	9	exact	0.268333	0.242778
phase6_comp_593	29951181	29951221	41	5	1	exact	0.000000	0.715556
phase6_comp_594	29953853	29954363	511	13	17	exact	0.000000	0.531111
phase6_comp_595	29959246	29959359	114	4	1	exact	0.000000	0.623333
phase6_comp_596	29960482	29960951	470	5	7	exact	0.000000	0.575
phase6_comp_597	29961635	29961963	329	6	5	exact	0.000000	0.345
phase6_comp_598	29963937	29964171	235	8	8	exact	0.396111	0.9072219999999999
phase6_comp_599	29964394	29964728	335	6	10	exact	0.000000	0.244444
phase6_comp_600	29966531	29966576	46	5	1	exact	0.000000	0.152778
phase6_comp_601	29968298	29968805	508	13	10	exact	0.000000	0.511111
phase6_comp_602	29969749	29970197	449	9	10	exact	0.000000	0.434444
phase6_comp_603	29971448	29971611	164	2	2	exact	0.000000	1.022222
phase6_comp_604	29971752	29972326	575	12	8	exact	0.000000	0.255556
phase6_comp_605	29973967	29975301	1335	18	14	exact	0.690000	0.244444
phase6_comp_606	29974288	29974319	32	3	3	exact	0.000000	1.827223
phase6_comp_607	29974987	29975121	135	6	1	exact	0.000000	0.575
phase6_comp_608	29975962	29976622	661	14	4	exact	0.000000	0.268333
phase6_comp_609	29976240	29976252	13	3	1	exact	0.000000	0.626111
phase6_comp_610	29979173	29979285	113	4	1	exact	0.000000	0.255556
phase6_comp_611	29979464	29979632	169	5	1	exact	0.000000	0.511111
phase6_comp_612	29979771	29979839	69	4	1	exact	0.000000	0.255556
phase6_comp_613	29980328	29980393	66	2	1	exact	0.000000	0.244444
phase6_comp_614	29984725	29984771	47	2	2	exact	0.000000	0.415555
phase6_comp_615	29986366	29986927	562	6	23	exact	0.000000	0.165
phase6_comp_616	29987044	29988457	1414	19	17	greedy_refine	0.000000	
phase6_comp_617	29989099	29989986	888	3	2	exact	0.000000	0.255556
phase6_comp_618	29993169	29994202	1034	11	15	exact	0.000000	0.165
phase6_comp_619	29995224	29995592	369	5	4	exact	0.000000	0.801111
phase6_comp_620	29996592	29996812	221	8	2	exact	0.000000	0.511112
phase6_comp_621	29998024	29999023	1000	10	10	exact	0.293334	0.29388900000000007
