pos	block_id	raw_pred_state	truth_state	block_orientation	oriented_pred_state	correctness	orientation_sites	orientation_same	orientation_opposite	orientation_margin	orientation_reason	panel_confidence	panel_margin	panel_support	panel_conflict	panel_samples	panel_haplotypes	anchors	best_vs_second_margin	n_block_candidates
20032706	phase6_comp_14	1	1	1	1	correct	2	2	0	2	nonfilled_truth_sites	0.951493035430028	11074.66906817924	11669.582541875105	594.9134736958639	4091	16364	2	2835.8263578065	4
20040081	phase6_comp_15	1	-1	-1	-1	correct	3	0	3	3	nonfilled_truth_sites	0.9650436903554951	12440.288145863513	12907.842671935292	467.5545260717785	4091	24546	3	6816.852033972077	4
20063943	phase6_comp_23	1	-1	-1	-1	correct	4	0	4	4	nonfilled_truth_sites	0.9778826056138625	23496.97565402243	24040.719945315388	543.7442912929571	4091	32728	4	3181.455296987184	2
20075153	phase6_comp_27	1	0	-1		no_truth_comparison	7	0	7	7	nonfilled_truth_sites	0.9212334270974959	20059.66899833798	21935.15095076146	1875.4819524234808	4091	32728	4	5356.755790171104	2
20076861	phase6_comp_28	1	-1	-1	-1	correct	8	0	8	8	nonfilled_truth_sites	0.921099615561078	21280.878468363637	23274.551022676773	1993.6725543131354	4091	32728	4	8706.56648241464	2
20083433	phase6_comp_28	1	-1	-1	-1	correct	8	0	8	8	nonfilled_truth_sites	0.9915668540699103	8720.709060792726	8795.513750647853	74.8046898551268	4091	16364	2	2560.3259395030373	4
20093995	phase6_comp_32	1	-1	-1	-1	correct	4	0	4	4	nonfilled_truth_sites	0.9436291691352089	22999.716329883206	24460.974075510465	1461.2577456272586	4091	32728	4	11543.629396042625	3
20101560	phase6_comp_35	1	-1	-1	-1	correct	5	0	5	5	nonfilled_truth_sites	0.92555843939408	22112.4636299697	24046.494481056016	1934.0308510863129	4091	32728	4	9469.078323909958	2
20108159	phase6_comp_37	1	-1	-1	-1	correct	2	0	2	2	nonfilled_truth_sites	0.9593810494239986	11375.755257552644	11878.683318201416	502.9280606487714	4091	16364	2	1063.4694708273146	4
20108872	phase6_comp_37	1	-1	-1	-1	correct	2	0	2	2	nonfilled_truth_sites	0.9602314974894366	12775.297836125887	13327.25317473331	551.9553386074232	4091	16364	2	1404.1310394358225	4
20120434	phase6_comp_42	1	-1	-1	-1	correct	3	0	3	3	nonfilled_truth_sites	0.9876467380983809	17068.432210629428	17284.62438098021	216.192170350783	4091	24546	3	3669.6209613985957	4
20124153	phase6_comp_43	1	-1	-1	-1	correct	3	0	3	3	nonfilled_truth_sites	0.8566116962254996	11905.675835556809	14299.2241703681	2393.5483348112894	4091	24546	3	1166.2241366383914	4
20142625	phase6_comp_50	1	-1	-1	-1	correct	4	0	4	4	nonfilled_truth_sites	0.9871995798806846	25475.380037873954	25810.043264865926	334.66322699197246	4091	32728	4	23332.61778274817	2
20143593	phase6_comp_50	1	-1	-1	-1	correct	4	0	4	4	nonfilled_truth_sites	0.9870770843086643	22056.07818690359	22348.669286005923	292.59109910233235	4091	32728	4	19511.1941449431	2
20161647	phase6_comp_58	1	0	1		no_truth_comparison	5	5	0	5	nonfilled_truth_sites	0.8517811378815151	19515.086717857117	23626.31332438225	4111.226606525131	4091	32728	4	8497.527925414483	2
20268787	phase6_comp_77	-1	1	-1	1	correct	3	0	3	3	nonfilled_truth_sites	0.9169264096230221	6767.56492222576	7441.791720075918	674.2267978501583	4091	24546	3	2577.1994874574757	3
20271450	phase6_comp_77	-1	1	-1	1	correct	3	0	3	3	nonfilled_truth_sites	0.8763118739502073	7413.91696416898	8632.339181837518	1218.4222176685387	4091	24546	3	4830.603595160303	3
20274816	phase6_comp_77	-1	1	-1	1	correct	3	0	3	3	nonfilled_truth_sites	0.8812004655515412	10290.374625206463	11893.850781781974	1603.4761565755116	4091	24546	3	8314.679020369773	3
20276025	phase6_comp_77	-1	1	-1	1	correct	3	0	3	3	nonfilled_truth_sites	0.887473755755268	12063.741548080705	13815.456996909777	1751.7154488290728	4091	24546	3	9851.729733180553	3
20289425	phase6_comp_80	1	1	1	1	correct	6	6	0	6	nonfilled_truth_sites	0.8819662316712686	20144.79339393838	23257.327538758615	3112.5341448202335	4091	32728	4	15686.112611058892	3
20304870	phase6_comp_84	1	1	1	1	correct	2	2	0	2	nonfilled_truth_sites	0.9175528553830219	8714.382701893743	9574.724047436293	860.3413455425499	4091	16364	2	1627.586631659763	4
20317834	phase6_comp_86	1	1	1	1	correct	3	3	0	3	nonfilled_truth_sites	0.8858346995463744	14621.47734040467	16784.66452342078	2163.1871830161094	4091	24546	3	5168.496721179257	4
20367493	phase6_comp_95	1	-1			unknown_no_block_orientation	0	0	0	0	no_orientation_sites	0.865781976219419	6785.901159020133	8030.891757719955	1244.9905986998226	4091	16364	2	4772.4724632457	3
20393763	phase6_comp_97	1	-1	-1	-1	correct	5	0	5	5	nonfilled_truth_sites	0.9934019863696553	7438.993778421632	7488.732717159206	49.73893873757459	4091	16364	2	5831.481641424241	4
20394752	phase6_comp_97	1	-1	-1	-1	correct	5	0	5	5	nonfilled_truth_sites	0.994392846267787	6831.041155466383	6869.778263212707	38.73710774632432	4091	16364	2	5454.35325838815	4
20404664	phase6_comp_102	-1	-1	1	-1	correct	2	2	0	2	nonfilled_truth_sites	0.9351715038971594	6563.377499565404	7052.2581923974885	488.8806928320848	4091	16364	2	2020.3548870533923	3
20406773	phase6_comp_101	1	1	1	1	correct	2	2	0	2	nonfilled_truth_sites	0.9929904968098203	13186.894308110299	13280.642137246363	93.74782913606487	4091	16364	2	4359.8058909599295	3
20408940	phase6_comp_101	1	1	1	1	correct	2	2	0	2	nonfilled_truth_sites	0.9813465158863834	13052.73715730418	13305.651655661593	252.9144983574137	4091	16364	2	5543.920835041693	4
20411699	phase6_comp_102	-1	-1	1	-1	correct	2	2	0	2	nonfilled_truth_sites	0.9632671557846186	12279.432020303993	12766.255290444147	486.8232701401537	4091	16364	2	7911.005678860378	3
20450063	phase6_comp_116	-1	1	-1	1	correct	3	0	3	3	nonfilled_truth_sites	0.9474752595434721	8859.021434502672	9378.958337853264	519.9369033505924	4091	24546	3	5290.555000644052	4
20455767	phase6_comp_116	1	-1	-1	-1	correct	3	0	3	3	nonfilled_truth_sites	0.9464351739866609	16372.016441592572	17354.20183297891	982.1853913863375	4091	24546	3	11094.455847378165	4
20466246	phase6_comp_120	-1	1	-1	1	correct	3	0	3	3	nonfilled_truth_sites	0.9136709180476117	15692.581160967306	17330.025402253963	1637.444241286657	4091	24546	3	7097.309868874558	4
20468658	phase6_comp_120	1	-1	-1	-1	correct	3	0	3	3	nonfilled_truth_sites	0.8592756873657512	14852.120261478418	17760.825871760957	2908.7056102825386	4091	24546	3	8259.195397644788	4
20478794	phase6_comp_125	1	1	1	1	correct	4	4	0	4	nonfilled_truth_sites	0.9167731491167517	20243.155106839593	22264.36743188245	2021.2123250428558	4091	32728	4	6326.500599982441	3
20481552	phase6_comp_125	1	1	1	1	correct	4	4	0	4	nonfilled_truth_sites	0.9083099790474731	22350.036736959893	24859.497002273827	2509.460265313934	4091	32728	4	12055.12126058495	2
20490049	phase6_comp_127	1	1	1	1	correct	2	2	0	2	nonfilled_truth_sites	0.879292794743641	8786.850704592887	10185.0267393804	1398.1760347875131	4091	16364	2	1877.5281882015188	4
20508359	phase6_comp_130	1	-1			unknown_no_block_orientation	0	0	0	0	no_orientation_sites	0.8572639379955044	5773.288395197045	6926.576430606107	1153.2880354090616	4091	16364	2	1787.496411604131	4
20514677	phase6_comp_132	1	1	1	1	correct	2	2	0	2	nonfilled_truth_sites	0.9996927538820174	13559.778735018175	13563.947486060362	4.16875104218776	4091	16364	2	2515.4521385965836	4
20522222	phase6_comp_134	1	1			unknown_no_block_orientation	1	1	0	1	too_few_sites	0.8512964538901655	9956.562784668171	12063.865856973414	2107.3030723052443	4091	16364	2	5595.987019437689	3
20528665	phase6_comp_135	1	1	1	1	correct	3	3	0	3	nonfilled_truth_sites	0.8667151067631171	10791.126436681825	12752.177547603089	1961.0511109212634	4091	32728	4	5311.991743593344	3
20531991	phase6_comp_135	1	1	1	1	correct	3	3	0	3	nonfilled_truth_sites	0.8895233313956503	16354.527915553927	18673.764807261476	2319.236891707549	4091	32728	4	11711.67460376312	3
20532793	phase6_comp_135	1	1	1	1	correct	3	3	0	3	nonfilled_truth_sites	0.8735368094718784	17482.930877028644	20442.407911725146	2959.477034696502	4091	32728	4	13651.737519846047	3
20543833	phase6_comp_140	1	0	-1		no_truth_comparison	5	0	5	5	nonfilled_truth_sites	0.8999902395491101	18052.822524607316	20309.700665163466	2256.8781405561504	4091	32728	4	7697.724535483838	2
20577992	phase6_comp_147	1	1	1	1	correct	2	2	0	2	nonfilled_truth_sites	0.9726934086207659	9997.539196672897	10286.308526499162	288.76932982626494	4091	16364	2	6601.784284308575	4
20580722	phase6_comp_148	1	1	1	1	correct	2	2	0	2	nonfilled_truth_sites	0.9884273321922261	6443.878636835589	6520.218413443708	76.33977660811945	4091	16364	2	3490.1530271937263	4
20581659	phase6_comp_148	1	1	1	1	correct	2	2	0	2	nonfilled_truth_sites	0.9927364235151105	7032.150902239611	7083.982432743603	51.83153050399096	4091	16364	2	4254.933365580486	4
20584618	phase6_comp_148	1	-1	1	1	wrong	2	2	0	2	nonfilled_truth_sites	0.9420644503669688	8504.938971671585	9062.253989323588	557.3150176520022	4091	16364	2	5975.732014985477	4
20585921	phase6_comp_147	1	1	1	1	correct	2	2	0	2	nonfilled_truth_sites	0.9606033601334596	4810.004342933734	5015.710624364408	205.70628143067435	4091	16364	2	2501.7314232954823	4
20676778	phase6_comp_161	1	-1	-1	-1	correct	3	0	3	3	nonfilled_truth_sites	0.8504909809977644	4035.202253075382	4895.8508332691745	860.6485801937926	4091	24546	3	3274.720877089616	2
20678131	phase6_comp_161	1	-1	-1	-1	correct	3	0	3	3	nonfilled_truth_sites	0.8540330076066359	4352.175284130265	5249.371199403621	897.1959152733561	4091	24546	3	3672.2950396937463	2
20688672	phase6_comp_161	1	-1	-1	-1	correct	3	0	3	3	nonfilled_truth_sites	0.984103035452555	12606.209954378317	12813.191173299057	206.98121892073982	4091	24546	3	12606.209954378317	1
20701950	phase6_comp_161	1	-1	-1	-1	correct	3	0	3	3	nonfilled_truth_sites	0.9585805453010716	8126.404034061985	8493.396514666496	366.99248060451083	4091	24546	3	5201.8642794705465	2
21030289	phase6_comp_183	1	-1	-1	-1	correct	7	0	7	7	nonfilled_truth_sites	0.8757251067948753	18803.339439697087	21913.03713956868	3109.697699871595	4091	32728	4	7410.723437416706	2
21037357	phase6_comp_186	1	-1	-1	-1	correct	7	0	7	7	nonfilled_truth_sites	0.9435328705602827	16188.057446153089	17218.52575624113	1030.4683100880436	4091	32728	4	11303.721795638055	3
21054729	phase6_comp_188	1	-1	-1	-1	correct	5	0	5	5	nonfilled_truth_sites	0.874269069501573	10000.043131236309	11679.736739886835	1679.6936086505268	4091	32728	4	2460.1884157618424	3
21057771	phase6_comp_188	1	-1	-1	-1	correct	5	0	5	5	nonfilled_truth_sites	0.8772657655733621	13416.590462472144	15598.971040424482	2182.3805779523364	4091	32728	4	8440.231438652338	3
21447200	phase6_comp_190	1	0			no_truth_comparison	0	0	0	0	no_orientation_sites	0.9255683207039742	8871.148369858716	9646.92800185826	775.7796319995429	4091	16364	2	2419.387980701066	2
21448672	phase6_comp_191	1	0			no_truth_comparison	0	0	0	0	no_orientation_sites	0.8606012687411542	7840.352631618696	9355.787135336606	1515.43450371791	4091	24546	3	2844.4917465171275	2
21452112	phase6_comp_191	-1	0			no_truth_comparison	0	0	0	0	no_orientation_sites	0.9131462111561854	12920.617982919579	14278.738420330359	1358.1204374107801	4091	24546	3	6578.747095620695	2
21457878	phase6_comp_191	1	0			no_truth_comparison	0	0	0	0	no_orientation_sites	0.8563880577982486	11055.47300211464	13282.957783172467	2227.4847810578267	4091	24546	3	9845.724918872762	2
21617026	phase6_comp_193	1	-1			unknown_no_block_orientation	1	0	1	1	too_few_sites	0.8856306084844137	2836.4251477250036	3257.0351966780127	420.6100489530092	4091	16364	2	542.1272625169377	2
21631884	phase6_comp_193	1	-1			unknown_no_block_orientation	1	0	1	1	too_few_sites	0.8853203788374465	8532.555203267459	9802.291054264437	1269.7358509969783	4091	16364	2	2636.947927233138	3
21632538	phase6_comp_193	1	-1			unknown_no_block_orientation	1	0	1	1	too_few_sites	0.9460249738578084	10835.803661607308	11491.442717923203	655.6390563158941	4091	16364	2	4501.381903465425	3
21640742	phase6_comp_194	1	-1	-1	-1	correct	2	0	2	2	nonfilled_truth_sites	0.9427567300933318	10260.080525832867	10923.33476781875	663.2542419858813	4091	16364	2	3785.244683532028	3
21642781	phase6_comp_194	1	1	-1	-1	wrong	2	0	2	2	nonfilled_truth_sites	0.8676854606482665	6611.202779522753	7800.749748270398	1189.5469687476452	4091	16364	2	842.4814544051942	3
21655862	phase6_comp_198	-1	-1	1	-1	correct	2	2	0	2	nonfilled_truth_sites	0.9661778066260874	9905.656052799695	10264.994281423244	359.33822862354907	4091	16364	2	1718.2063100065188	4
21656334	phase6_comp_198	-1	-1	1	-1	correct	2	2	0	2	nonfilled_truth_sites	0.960173052892559	9213.329205090264	9612.025709185913	398.69650409564883	4091	16364	2	1409.826038325068	4
21659377	phase6_comp_198	-1	0	1		no_truth_comparison	2	2	0	2	nonfilled_truth_sites	0.9225808453649652	6165.156436859942	6729.901863409287	564.7454265493454	4091	16364	2	641.3039436748059	4
21697294	phase6_comp_209	-1	-1	1	-1	correct	10	10	0	10	nonfilled_truth_sites	0.956734294793443	4006.2178387644285	4195.969125213829	189.7512864494008	4091	8182	1	157.68723714919588	3
21701726	phase6_comp_209	-1	1	1	-1	wrong	10	10	0	10	nonfilled_truth_sites	0.8848692251283252	2288.5174418603438	2630.813953488253	342.2965116279092	4091	8182	1	878.3314911526104	3
21710133	phase6_comp_213	1	-1	-1	-1	correct	3	0	3	3	nonfilled_truth_sites	0.956474609238699	18956.59833067741	19860.365301663856	903.7669709864462	4091	24546	3	13362.503476340564	4
21723342	phase6_comp_217	1	-1	-1	-1	correct	4	0	4	4	nonfilled_truth_sites	0.9915873092915622	24755.54716459356	24967.371959169726	211.82479457616367	4091	32728	4	13357.618426549601	2
21750584	phase6_comp_226	1	-1	-1	-1	correct	2	0	2	2	nonfilled_truth_sites	0.9966987069340209	8454.051976821658	8482.146778339045	28.09480151738711	4091	16364	2	1934.5831596218795	4
21802500	phase6_comp_240	1	-1	-1	-1	correct	3	0	3	3	nonfilled_truth_sites	0.8645315668469444	8043.090593691297	9537.59063090333	1494.5000372120337	4091	24546	3	1399.342002501745	3
21803372	phase6_comp_240	1	-1	-1	-1	correct	3	0	3	3	nonfilled_truth_sites	0.863392061795702	8701.100145071698	10336.578015795814	1635.477870724117	4091	24546	3	2606.9358946420316	3
21819618	phase6_comp_244	1	-1	-1	-1	correct	2	0	2	2	nonfilled_truth_sites	0.9318680817138001	10692.464080321659	11535.890718969824	843.4266386481653	4091	24546	3	1966.0156644011313	4
21829844	phase6_comp_247	1	-1	-1	-1	correct	4	0	4	4	nonfilled_truth_sites	0.8607369763562901	15547.063851295312	18548.046925698483	3000.9830744031724	4091	32728	4	3278.1393720903234	3
21831058	phase6_comp_247	1	-1	-1	-1	correct	4	0	4	4	nonfilled_truth_sites	0.8990347627858948	20474.550498392244	23064.823377739765	2590.272879347522	4091	32728	4	14848.820401508303	3
21836496	phase6_comp_248	1	-1	-1	-1	correct	3	0	3	3	nonfilled_truth_sites	0.9150653506230367	13014.469660107354	14346.042406120852	1331.5727460134979	4091	24546	3	6310.304918903728	4
21841117	phase6_comp_249	1	-1	-1	-1	correct	2	0	2	2	nonfilled_truth_sites	0.885132558359406	10192.211554784739	11712.147016674819	1519.935461890079	4091	16364	2	2495.033480015256	4
21847875	phase6_comp_249	1	-1	-1	-1	correct	2	0	2	2	nonfilled_truth_sites	0.9479360854167184	6932.330855044323	7335.205610227648	402.8747551833257	4091	16364	2	213.43471867298285	4
21858180	phase6_comp_251	1	-1	-1	-1	correct	2	0	2	2	nonfilled_truth_sites	0.878300885416134	8915.186384680568	10349.190812362896	1434.0044276823282	4091	16364	2	939.1079368996398	4
21870308	phase6_comp_253	1	-1	-1	-1	correct	2	0	2	2	nonfilled_truth_sites	0.9393181020234875	9734.722662962235	10407.038969463914	672.3163065016793	4091	16364	2	5229.701964922759	4
21879633	phase6_comp_254	1	-1	-1	-1	correct	2	0	2	2	nonfilled_truth_sites	0.8683149632970781	9648.780488306194	11373.662911446016	1724.8824231398207	4091	16364	2	641.3345432386577	4
21887601	phase6_comp_258	1	-1	-1	-1	correct	3	0	3	3	nonfilled_truth_sites	0.8510033000444813	8803.342414351959	10671.799161269533	1868.456746917574	4091	24546	3	347.01571276722825	4
21890558	phase6_comp_258	1	-1	-1	-1	correct	3	0	3	3	nonfilled_truth_sites	0.8516493090139211	12638.334088679794	15304.208223661157	2665.874134981363	4091	24546	3	6525.407416780909	4
21895828	phase6_comp_259	1	-1	-1	-1	correct	2	0	2	2	nonfilled_truth_sites	0.8954284415818988	8914.420449875777	10093.135409159542	1178.7149592837645	4091	16364	2	2556.9403684660065	4
21924354	phase6_comp_268	1	-1	-1	-1	correct	5	0	5	5	nonfilled_truth_sites	0.9103342722803657	15993.71936715244	17741.18306063047	1747.463693478029	4091	32728	4	10978.64891176203	3
21926544	phase6_comp_268	1	-1	-1	-1	correct	5	0	5	5	nonfilled_truth_sites	0.910421117540774	21667.285733464923	24031.846374933004	2364.5606414680824	4091	32728	4	17520.075333846537	3
21929985	phase6_comp_268	1	-1	-1	-1	correct	5	0	5	5	nonfilled_truth_sites	0.8898980756812306	18872.009817178365	21536.609524427025	2664.599707248662	4091	32728	4	7337.783588362889	3
21931615	phase6_comp_268	1	0	-1		no_truth_comparison	5	0	5	5	nonfilled_truth_sites	0.8611416981463509	14071.423108337556	16776.64093214051	2705.217823802955	4091	32728	4	182.2974206157487	3
21938623	phase6_comp_270	1	-1	-1	-1	correct	2	0	2	2	nonfilled_truth_sites	0.9060724095665373	7570.727976649652	8446.311025289882	875.5830486402298	4091	16364	2	2802.861700553507	4
21944102	phase6_comp_272	1	-1	-1	-1	correct	2	0	2	2	nonfilled_truth_sites	0.9703574320941785	10718.497266951772	11056.244436874627	337.74716992285573	4091	16364	2	2943.938105400557	4
21953147	phase6_comp_275	1	-1	-1	-1	correct	3	0	3	3	nonfilled_truth_sites	0.9814313216409156	5673.562139675539	5782.976032983141	109.41389330760173	4091	16364	2	1034.4385001113124	4
21958130	phase6_comp_275	1	-1	-1	-1	correct	3	0	3	3	nonfilled_truth_sites	0.9810175427268619	8842.2666440915	9016.73839809203	174.47175400052876	4091	16364	2	5138.3809181869865	4
21958756	phase6_comp_275	1	-1	-1	-1	correct	3	0	3	3	nonfilled_truth_sites	0.9823166475605815	9536.963403390482	9711.791999829098	174.8285964386168	4091	16364	2	5342.317204571674	4
21962965	phase6_comp_275	1	-1	-1	-1	correct	3	0	3	3	nonfilled_truth_sites	0.9869164989276076	20423.22969446881	20697.616933551693	274.3872390828833	4091	24546	3	18217.18966336781	4
21969695	phase6_comp_275	1	-1	-1	-1	correct	3	0	3	3	nonfilled_truth_sites	0.9875619183463458	9510.121126899596	9631.42639979059	121.30527289099419	4091	24546	3	6374.0990928119845	4
21971252	phase6_comp_275	1	-1	-1	-1	correct	3	0	3	3	nonfilled_truth_sites	0.9527488425346418	7858.626998545346	8268.710014650871	410.0830161055244	4091	24546	3	4103.537533743083	4
21985504	phase6_comp_278	1	-1	-1	-1	correct	3	0	3	3	nonfilled_truth_sites	0.8859196612413933	17487.311991401628	20071.993048515084	2584.6810571134574	4091	32728	4	12155.924806238598	3
22040637	phase6_comp_283	1	0			no_truth_comparison	0	0	0	0	no_orientation_sites	0.8624311144462932	8467.202225393632	10074.160799693795	1606.9585743001628	4091	16364	2	3562.7723759806922	3
22041356	phase6_comp_283	1	0			no_truth_comparison	0	0	0	0	no_orientation_sites	0.9412116688818325	11486.805592995168	12252.073352574616	765.267759579448	4091	16364	2	4835.5524205128	3
22052909	phase6_comp_287	1	0			no_truth_comparison	0	0	0	0	no_orientation_sites	0.8639205830958671	11951.533370247385	14186.028707524205	2234.495337276819	4091	32728	4	2369.867668030476	3
22069891	phase6_comp_290	1	0			no_truth_comparison	0	0	0	0	no_orientation_sites	0.8562083326470006	17910.488077169917	21525.477828510822	3614.989751340905	4091	32728	4	8760.47683104192	2
22077420	phase6_comp_292	-1	0			no_truth_comparison	0	0	0	0	no_orientation_sites	0.8602788450519193	19193.722476597857	22915.518953153012	3721.796476555155	4091	32728	4	2001.0969620181095	2
22119038	phase6_comp_297	1	0			no_truth_comparison	0	0	0	0	no_orientation_sites	0.941687563541892	17361.827397484012	18507.89821821746	1146.070820733448	4091	24546	3	13557.26536845741	4
22120552	phase6_comp_298	1	0			no_truth_comparison	0	0	0	0	no_orientation_sites	0.9373757309628344	8277.364259767817	8869.94844954579	592.5841897779726	4091	16364	2	5541.201130346828	4
22122209	phase6_comp_297	1	0			no_truth_comparison	0	0	0	0	no_orientation_sites	0.9590260583761009	11957.442296164054	12491.119560966235	533.6772648021815	4091	24546	3	6097.034010624648	4
22122996	phase6_comp_298	1	0			no_truth_comparison	0	0	0	0	no_orientation_sites	0.9365235030187925	11519.080643757223	12356.596702632824	837.5160588756006	4091	16364	2	9187.80321521973	4
22141088	phase6_comp_303	1	0			no_truth_comparison	0	0	0	0	no_orientation_sites	0.9395694921192006	21950.89850125398	23459.765664072165	1508.8671628181828	4091	32728	4	7526.788740187214	2
22141753	phase6_comp_303	1	0			no_truth_comparison	0	0	0	0	no_orientation_sites	0.9801929189447653	21762.070975167768	22210.893819830017	448.82284466224917	4091	32728	4	3667.3733310898824	2
22249507	phase6_comp_327	1	0			no_truth_comparison	0	0	0	0	no_orientation_sites	0.9228283856371396	20901.472002286748	22808.865630254797	1907.3936279680477	4091	32728	4	5576.098165151128	2
22260693	phase6_comp_332	1	0			no_truth_comparison	0	0	0	0	no_orientation_sites	0.879089078810674	18059.854090814446	20939.960267331007	2880.10617651656	4091	32728	4	18059.854090814446	1
22309303	phase6_comp_334	1	0			no_truth_comparison	0	0	0	0	no_orientation_sites	0.9213280689324358	11618.288552921113	12702.993398808148	1084.7048458870356	4091	16364	2	1139.6169822196716	3
22317491	phase6_comp_337	1	0			no_truth_comparison	0	0	0	0	no_orientation_sites	0.8572094769017381	11917.863225438727	14299.879989011404	2382.016763572677	4091	24546	3	6866.868049416507	4
22325761	phase6_comp_339	1	0			no_truth_comparison	0	0	0	0	no_orientation_sites	0.9069594251956129	10409.886253529874	11599.85967681545	1189.9734232855749	4091	32728	4	4227.900267464257	3
22326954	phase6_comp_339	1	0			no_truth_comparison	0	0	0	0	no_orientation_sites	0.8952030542210349	11149.251357085264	12627.48827537972	1478.236918294455	4091	32728	4	5941.567189327765	3
22329940	phase6_comp_339	1	0			no_truth_comparison	0	0	0	0	no_orientation_sites	0.9058511295946408	15422.028155612128	17210.820183443535	1788.7920278314064	4091	32728	4	11600.921288779631	3
22334436	phase6_comp_339	1	0			no_truth_comparison	0	0	0	0	no_orientation_sites	0.863603824502906	20913.34295731261	24835.881451147576	3922.5384938349657	4091	32728	4	7266.739229141966	2
22342993	phase6_comp_340	1	0			no_truth_comparison	0	0	0	0	no_orientation_sites	0.9478483103949273	18478.42692845827	19554.328258434445	1075.9013299761762	4091	32728	4	14936.868209671553	2
22346977	phase6_comp_340	-1	0			no_truth_comparison	0	0	0	0	no_orientation_sites	0.9030257600969577	5584.62534726411	6256.499023606677	671.873676342567	4091	16364	2	2816.9684092597954	2
22410928	phase6_comp_349	1	0			no_truth_comparison	0	0	0	0	no_orientation_sites	0.9965788310928868	13536.808063330616	13583.438833661585	46.630770330968375	4091	16364	2	11341.14025431504	4
22418134	phase6_comp_351	1	0			no_truth_comparison	0	0	0	0	no_orientation_sites	0.941557604387172	22772.542813663866	24279.57376840567	1507.0309547418053	4091	32728	4	20174.67932164709	2
22569686	phase6_comp_369	1	0			no_truth_comparison	0	0	0	0	no_orientation_sites	0.8775502906093394	13599.784267788571	15805.172096624205	2205.3878288356336	4091	24546	3	3140.1391460277046	4
22628736	phase6_comp_377	1	0			no_truth_comparison	0	0	0	0	no_orientation_sites	0.988454510749574	6679.819780417523	6758.764478206519	78.94469778899597	4091	16364	2	3201.7373186266927	2
22637854	phase6_comp_378	1	0			no_truth_comparison	0	0	0	0	no_orientation_sites	0.9733761161962994	11453.901489224698	11775.999850247306	322.09836102260795	4091	32728	4	278.158779711679	2
22654698	phase6_comp_378	1	0			no_truth_comparison	0	0	0	0	no_orientation_sites	0.861101466213212	8879.223155654687	10586.930258618822	1707.7071029641354	4091	32728	4	8879.223155654687	1
22685396	phase6_comp_381	1	0			no_truth_comparison	0	0	0	0	no_orientation_sites	0.860568051051902	10644.32111347431	12702.404786932491	2058.0836734581817	4091	16364	2	986.7070659816509	3
22693873	phase6_comp_384	1	0			no_truth_comparison	0	0	0	0	no_orientation_sites	0.9415148990419522	9100.006091790921	9702.720491862245	602.7144000713239	4091	16364	2	3903.2397088056605	3
22912049	phase6_comp_391	1	0			no_truth_comparison	0	0	0	0	no_orientation_sites	0.9829493282464595	13755.71551557248	13998.540358960001	242.82484338752167	4091	32728	4	13755.71551557248	1
23116390	phase6_comp_393	1	-1	-1	-1	correct	5	0	5	5	nonfilled_truth_sites	0.939665971768017	22533.52130158737	24079.624704710528	1546.1034031231568	4091	32728	4	2955.4618113901815	2
23117676	phase6_comp_394	1	-1	-1	-1	correct	4	0	4	4	nonfilled_truth_sites	0.9205141229943088	21525.151716395812	23559.501418702286	2034.349702306475	4091	32728	4	2694.7570824401882	2
23120996	phase6_comp_394	1	-1	-1	-1	correct	4	0	4	4	nonfilled_truth_sites	0.9690591727604073	22263.03753345293	22997.312480148183	734.2749466952513	4091	32728	4	955.2861888182706	2
23124893	phase6_comp_396	1	-1	-1	-1	correct	9	0	9	9	nonfilled_truth_sites	0.9745340210460124	26094.359001776007	26794.53893375668	700.1799319806735	4091	32728	4	6069.070629818401	2
23130412	phase6_comp_397	1	-1	-1	-1	correct	2	0	2	2	nonfilled_truth_sites	0.9016947807765352	16800.526480597102	18856.290605229213	2055.764124632112	4091	24546	3	8318.841619233297	4
23138775	phase6_comp_401	1	-1	-1	-1	correct	6	0	6	6	nonfilled_truth_sites	0.9002937005526896	19208.31256521313	21600.543272142007	2392.2307069288768	4091	32728	4	10728.17307250948	3
23168617	phase6_comp_406	1	-1	-1	-1	correct	3	0	3	3	nonfilled_truth_sites	0.9519523718235414	16314.45323198297	17181.658308957976	867.2050769750067	4091	24546	3	10628.336295990335	4
23182895	phase6_comp_414	1	-1	-1	-1	correct	4	0	4	4	nonfilled_truth_sites	0.9529042391100853	9738.181700169887	10244.499633685926	506.31793351603847	4091	16364	2	468.2577525816596	4
23186584	phase6_comp_414	1	-1	-1	-1	correct	4	0	4	4	nonfilled_truth_sites	0.9757603786808389	26089.031976779424	26753.639922331837	664.6079455524111	4091	32728	4	13583.671223924634	3
23189844	phase6_comp_415	1	-1	-1	-1	correct	2	0	2	2	nonfilled_truth_sites	0.9720957884937894	11483.49744852739	11822.875546621728	339.3780980943374	4091	16364	2	2410.8123360920654	4
23199912	phase6_comp_418	1	-1	-1	-1	correct	7	0	7	7	nonfilled_truth_sites	0.9555101230452262	25111.40361488788	26337.724612453396	1226.3209975655136	4091	32728	4	22436.738798630373	3
23267313	phase6_comp_427	1	-1	-1	-1	correct	4	0	4	4	nonfilled_truth_sites	0.9949556664903584	21705.337461097057	21815.942277352075	110.60481625501953	4091	32728	4	15347.17643659705	2
23269170	phase6_comp_427	1	-1	-1	-1	correct	4	0	4	4	nonfilled_truth_sites	0.9950846425557042	17381.772752194254	17468.058630151925	86.28587795767102	4091	32728	4	9631.194367008451	2
23270441	phase6_comp_427	1	-1	-1	-1	correct	4	0	4	4	nonfilled_truth_sites	0.9180810616062733	12916.035177842938	14181.42123235568	1265.3860545127422	4091	32728	4	4230.2775370906165	2
23271352	phase6_comp_427	1	-1	-1	-1	correct	4	0	4	4	nonfilled_truth_sites	0.8929064131541605	11176.647220166848	12699.843584040673	1523.196363873826	4091	32728	4	1386.871371962634	2
23279200	phase6_comp_429	1	-1	-1	-1	correct	4	0	4	4	nonfilled_truth_sites	0.8968038304665354	15586.627296538687	17613.42254074965	2026.7952442109618	4091	32728	4	7110.682866361907	2
23281906	phase6_comp_429	1	-1	-1	-1	correct	4	0	4	4	nonfilled_truth_sites	0.8804911216393192	11279.32054388818	13050.687693091279	1771.3671492030992	4091	32728	4	2330.089009405672	2
23285436	phase6_comp_430	1	-1	-1	-1	correct	4	0	4	4	nonfilled_truth_sites	0.9204971389853256	20299.820187527388	22218.85082217838	1919.030634650994	4091	32728	4	13377.84790427052	2
23297228	phase6_comp_432	1	0	-1		no_truth_comparison	2	0	2	2	nonfilled_truth_sites	0.9705133349047602	8429.894359301965	8694.041465580369	264.1471062784031	4091	16364	2	2998.0521128003993	4
23313961	phase6_comp_436	1	1	1	1	correct	2	2	0	2	nonfilled_truth_sites	0.9883812551041761	12891.346584751345	13044.691195919855	153.34461116851057	4091	16364	2	8770.649778447587	4
23324192	phase6_comp_441	1	1	1	1	correct	7	7	0	7	nonfilled_truth_sites	0.9214861540906019	20897.961800974364	22844.383215697148	1946.421414722785	4091	32728	4	8194.137916442643	3
23397911	phase6_comp_450	1	-1	-1	-1	correct	3	0	3	3	nonfilled_truth_sites	0.9341931389968331	15353.90925171992	16517.438199134427	1163.528947414506	4091	24546	3	6002.585701287433	4
23455534	phase6_comp_465	1	-1	-1	-1	correct	8	0	8	8	nonfilled_truth_sites	0.9435210344271754	19665.75772205307	20917.898620828997	1252.1408987759291	4091	32728	4	12663.306536459666	2
23456538	phase6_comp_465	1	-1	-1	-1	correct	8	0	8	8	nonfilled_truth_sites	0.9096639922730574	15985.262087321104	17747.73668439886	1762.4745970777567	4091	32728	4	8233.60269844229	2
23471299	phase6_comp_469	1	-1	-1	-1	correct	4	0	4	4	nonfilled_truth_sites	0.9559588977337715	22680.792301884776	23776.161970303478	1095.3696684187	4091	32728	4	15236.94453953841	3
23493858	phase6_comp_478	1	1	1	1	correct	16	16	0	16	nonfilled_truth_sites	0.9278840396900537	22936.427129030835	24869.290142205304	1932.863013174469	4091	32728	4	4947.799710685813	2
23500943	phase6_comp_478	1	-1	1	1	wrong	16	16	0	16	nonfilled_truth_sites	0.8799590122773732	15795.946485351698	18291.16433365366	2495.217848301964	4091	32728	4	15795.946485351698	1
23539421	phase6_comp_481	1	-1	-1	-1	correct	2	0	2	2	nonfilled_truth_sites	0.8969229317198417	11271.93660057528	12735.5433687617	1463.6067681864201	4091	16364	2	2276.6639091199795	3
23574009	phase6_comp_484	1	-1	-1	-1	correct	2	0	2	2	nonfilled_truth_sites	0.93333512732509	3939.3602630565424	4242.378566671065	303.0183036145223	4091	16364	2	995.1723420096578	2
23575639	phase6_comp_484	1	-1	-1	-1	correct	2	0	2	2	nonfilled_truth_sites	0.9342306319399141	4340.68990453401	4669.414332254139	328.724427720129	4091	16364	2	1065.6696152205332	2
23622833	phase6_comp_490	1	0	-1		no_truth_comparison	3	0	3	3	nonfilled_truth_sites	0.8817826896415267	10150.501819663748	11722.030671634668	1571.5288519709193	4091	24546	3	6834.388169752708	3
23623535	phase6_comp_490	1	-1	-1	-1	correct	3	0	3	3	nonfilled_truth_sites	0.8823782849476487	11003.410869898955	12695.76646237251	1692.3555924735554	4091	24546	3	7431.219498689569	3
23624960	phase6_comp_490	1	-1	-1	-1	correct	3	0	3	3	nonfilled_truth_sites	0.8528236790372703	12190.791904884587	14733.41589639057	2542.6239915059823	4091	24546	3	7051.605609380977	3
23700393	phase6_comp_507	1	-1	-1	-1	correct	5	0	5	5	nonfilled_truth_sites	0.8681523815749228	14693.374503534615	17324.467675648906	2631.0931721142906	4091	32728	4	11023.870842199582	3
23711037	phase6_comp_508	1	-1	-1	-1	correct	5	0	5	5	nonfilled_truth_sites	0.9439012466389847	17731.478900391678	18851.90136945505	1120.4224690633694	4091	32728	4	4806.410336751973	3
23715298	phase6_comp_509	1	-1	-1	-1	correct	2	0	2	2	nonfilled_truth_sites	0.9979859439708556	10276.936747041585	10297.718785839177	20.782038797591415	4091	16364	2	2874.406024887594	4
23747803	phase6_comp_521	1	-1	-1	-1	correct	3	0	3	3	nonfilled_truth_sites	0.8721335516157289	14493.793597432348	16983.85382295063	2490.0602255182826	4091	24546	3	7438.676193331154	3
23748607	phase6_comp_521	1	-1	-1	-1	correct	3	0	3	3	nonfilled_truth_sites	0.8599027588448137	12428.498444149916	14847.482879439718	2418.984435289802	4091	24546	3	4618.548626099698	3
23749573	phase6_comp_521	1	0	-1		no_truth_comparison	3	0	3	3	nonfilled_truth_sites	0.8543279259288054	10769.882422804338	12983.751264669263	2213.868841864926	4091	24546	3	2163.8225148662623	3
23782655	phase6_comp_528	1	1	1	1	correct	3	3	0	3	nonfilled_truth_sites	0.9329369578700167	14374.646060209045	15487.980781137197	1113.3347209281521	4091	24546	3	9161.753244304125	4
23783378	phase6_comp_528	1	1	1	1	correct	3	3	0	3	nonfilled_truth_sites	0.9336806848759728	15963.11283557178	17183.668358819777	1220.5555232479987	4091	24546	3	11206.161313013796	4
23786193	phase6_comp_528	1	1	1	1	correct	3	3	0	3	nonfilled_truth_sites	0.8625634215653728	14537.183020275272	17292.48123232112	2755.298212045848	4091	24546	3	9850.886648141099	4
23786818	phase6_comp_528	1	1	1	1	correct	3	3	0	3	nonfilled_truth_sites	0.9272267413097626	15540.472223761612	16864.04434127598	1323.5721175143694	4091	24546	3	6964.299336510878	4
23794027	phase6_comp_530	1	1	1	1	correct	3	3	0	3	nonfilled_truth_sites	0.945526288250751	16265.244210957166	17259.6055405182	994.3613295610359	4091	24546	3	477.0558124727104	3
23798161	phase6_comp_531	1	1	1	1	correct	2	2	0	2	nonfilled_truth_sites	0.8650602253241438	19642.756636027243	23273.101673102545	3630.3450370753026	4091	32728	4	8416.99302973215	3
23801315	phase6_comp_533	1	1	1	1	correct	3	3	0	3	nonfilled_truth_sites	0.9998356058170806	20561.341951111535	20564.723227845767	3.3812767342307755	4091	24546	3	7871.53465199926	4
23824601	phase6_comp_543	1	1	1	1	correct	2	2	0	2	nonfilled_truth_sites	0.9716387373639683	10055.261659691256	10357.590427678402	302.3287679871465	4091	16364	2	4241.766604935698	4
23830954	phase6_comp_545	1	1	1	1	correct	5	5	0	5	nonfilled_truth_sites	0.8521271107511074	18303.785429293406	22147.047639135744	3843.2622098423376	4091	32728	4	15815.334926049036	2
23851812	phase6_comp_549	1	1			unknown_no_block_orientation	1	1	0	1	too_few_sites	0.9931969754323836	7747.978598113991	7801.415349937261	53.43675182327041	4091	16364	2	707.1704867346634	4
23875262	phase6_comp_554	1	-1	-1	-1	correct	10	0	10	10	nonfilled_truth_sites	0.939165684535383	15770.01453162031	16862.265215907202	1092.2506842868909	4091	32728	4	15389.848070505692	3
23881480	phase6_comp_556	1	1	1	1	correct	3	3	0	3	nonfilled_truth_sites	0.9942548915973537	20288.40695879634	20406.32091298968	117.91395419334056	4091	24546	3	6787.571286566379	4
23886750	phase6_comp_558	1	1	1	1	correct	8	8	0	8	nonfilled_truth_sites	0.8717167826506521	13864.674699099909	16257.094359600162	2392.4196605002517	4091	32728	4	5902.389614271973	3
23888222	phase6_comp_558	1	0	1		no_truth_comparison	8	8	0	8	nonfilled_truth_sites	0.8732567230313039	16729.399568265555	19569.7220489712	2840.3224807056463	4091	32728	4	9899.972075629918	3
23903105	phase6_comp_561	1	1	1	1	correct	26	26	0	26	nonfilled_truth_sites	0.8810693021417789	16715.24554309083	19323.636990706942	2608.391447616111	4091	32728	4	1154.4100989557264	2
23969285	phase6_comp_571	1	0			no_truth_comparison	0	0	0	0	no_orientation_sites	0.9816232446414491	10597.749439856905	10799.932630737212	202.18319088030748	4091	16364	2	3680.7998737325943	2
23995147	phase6_comp_575	1	0			no_truth_comparison	0	0	0	0	no_orientation_sites	0.9491855844107107	24161.166108397698	25527.79003663957	1366.6239282418724	4091	32728	4	17541.02364849556	3
24212548	phase6_comp_582	1	-1	1	1	wrong	3	3	0	3	nonfilled_truth_sites	0.9418247757849785	10242.923523894306	10917.268202235598	674.3446783412921	4091	24546	3	7258.511857785942	2
24217102	phase6_comp_582	1	1	1	1	correct	3	3	0	3	nonfilled_truth_sites	0.9849402812252319	19733.868602752973	20040.28417906355	306.41557631057765	4091	24546	3	14430.26328966112	2
24228641	phase6_comp_587	-1	1	-1	1	correct	5	0	5	5	nonfilled_truth_sites	0.9337155573285247	19629.084322212955	21129.033877243255	1499.9495550302984	4091	32728	4	12044.887778857194	3
24232795	phase6_comp_588	1	1	1	1	correct	3	3	0	3	nonfilled_truth_sites	0.9022657950489091	11786.558989214307	13218.385888366813	1431.8268991525065	4091	24546	3	2882.030984651963	3
24233628	phase6_comp_588	1	1	1	1	correct	3	3	0	3	nonfilled_truth_sites	0.901786061645185	10706.880058310498	12015.492972498567	1308.612914188068	4091	24546	3	709.1933295274921	3
24273497	phase6_comp_593	1	1	1	1	correct	2	2	0	2	nonfilled_truth_sites	0.978510196696733	7382.312269317487	7548.0813999296315	165.76913061214407	4091	16364	2	4643.703514840495	3
24304886	phase6_comp_595	1	1	1	1	correct	2	2	0	2	nonfilled_truth_sites	0.8941987198423748	6380.537379434387	7236.7920916613475	856.254712226961	4091	16364	2	2567.087648669904	4
24321550	phase6_comp_597	1	1	1	1	correct	2	2	0	2	nonfilled_truth_sites	0.9105937637367121	9856.0358264759	10929.105056390443	1073.0692299145423	4091	16364	2	7479.628585798673	2
24328131	phase6_comp_597	1	1	1	1	correct	2	2	0	2	nonfilled_truth_sites	0.887144144387569	6499.622037471704	7446.969965666063	947.3479281943588	4091	16364	2	4998.825873411253	3
24331878	phase6_comp_597	1	1	1	1	correct	2	2	0	2	nonfilled_truth_sites	0.9272966707283407	5181.006494829653	5621.77335185916	440.76685702950743	4091	16364	2	3360.5759832970402	3
24334619	phase6_comp_599	1	1	1	1	correct	2	2	0	2	nonfilled_truth_sites	0.8963084709535626	3259.3237962032636	3685.7142128307146	426.39041662745126	4091	16364	2	674.685302277906	3
24348111	phase6_comp_599	1	1	1	1	correct	2	2	0	2	nonfilled_truth_sites	0.8963735963594267	10131.790593182313	11456.198968581288	1324.4083753989742	4091	16364	2	3269.185849625238	3
24365173	phase6_comp_601	1	1	1	1	correct	2	2	0	2	nonfilled_truth_sites	0.8598330771470224	4954.708286307605	5919.719923970546	965.0116376629414	4091	16364	2	1456.9880007626175	4
24374272	phase6_comp_602	1	1	1	1	correct	2	2	0	2	nonfilled_truth_sites	0.9336123363559327	10589.987299980716	11400.670548495315	810.6832485145987	4091	24546	3	2442.2097069947386	3
24381641	phase6_comp_602	1	1	1	1	correct	2	2	0	2	nonfilled_truth_sites	0.8972335535259632	13362.516882865719	15090.994202835718	1728.4773199699985	4091	24546	3	12082.080869276026	2
24384612	phase6_comp_602	1	1	1	1	correct	2	2	0	2	nonfilled_truth_sites	0.9443065020543646	10617.706661329552	11283.167577831919	665.460916502367	4091	24546	3	8853.275992869141	2
24400322	phase6_comp_603	1	1	1	1	correct	2	2	0	2	nonfilled_truth_sites	0.9203799843648769	4374.194675335657	4788.431153515606	414.23647817994924	4091	16364	2	436.27944143116383	2
24406596	phase6_comp_603	1	1	1	1	correct	2	2	0	2	nonfilled_truth_sites	0.9186523808774941	7249.101499956927	7953.38167933018	704.2801793732531	4091	16364	2	1033.929063448115	2
24415699	phase6_comp_604	1	1	1	1	correct	3	3	0	3	nonfilled_truth_sites	0.8940834572412077	12610.65298721199	14305.315300224025	1694.6623130120354	4091	24546	3	3481.6125348344012	4
24416409	phase6_comp_604	1	1	1	1	correct	3	3	0	3	nonfilled_truth_sites	0.9042462310948038	11837.082037824124	13239.00632403453	1401.9242862104056	4091	24546	3	1555.2213833319602	4
24437196	phase6_comp_606	1	-1	-1	-1	correct	3	0	3	3	nonfilled_truth_sites	0.9726703277269361	6490.024668992058	6677.650416625323	187.62574763326455	4091	24546	3	6187.713393836119	2
24498888	phase6_comp_607	1	1			unknown_no_block_orientation	1	1	0	1	too_few_sites	0.9319558529816904	5732.237829881504	6183.725210996938	451.4873811154337	4091	16364	2	3643.7090071675966	2
24501775	phase6_comp_607	1	1			unknown_no_block_orientation	1	1	0	1	too_few_sites	0.9411355061202547	7646.879684287524	8157.074053285091	510.19436899756823	4091	16364	2	5216.483223407838	2
24504077	phase6_comp_607	1	1			unknown_no_block_orientation	1	1	0	1	too_few_sites	0.9938706973135657	11330.777332017686	11401.089019184286	70.31168716660035	4091	16364	2	8136.965802417487	2
24512384	phase6_comp_608	1	1	1	1	correct	3	3	0	3	nonfilled_truth_sites	0.9785564023763857	13494.54275000464	13796.880722507794	302.33797250315416	4091	24546	3	8607.13892222838	3
24520214	phase6_comp_609	1	1	1	1	correct	2	2	0	2	nonfilled_truth_sites	0.8566074121980357	17961.87374168282	21573.127279174823	3611.253537492005	4091	32728	4	14895.881765413178	3
24523361	phase6_comp_609	1	1	1	1	correct	2	2	0	2	nonfilled_truth_sites	0.9801898569837049	23897.332458765864	24390.272456176273	492.9399974104103	4091	32728	4	12409.709129307665	2
24524354	phase6_comp_609	1	1	1	1	correct	2	2	0	2	nonfilled_truth_sites	0.9828018586993068	20861.331634961345	21232.887919091285	371.5562841299384	4091	32728	4	7361.024415901322	2
24526484	phase6_comp_610	1	1	1	1	correct	2	2	0	2	nonfilled_truth_sites	0.9996333414813003	13489.24947775865	13494.199055600295	4.949577841644624	4091	16364	2	4820.89624807275	2
24591997	phase6_comp_613	1	1	1	1	correct	5	5	0	5	nonfilled_truth_sites	0.8729013027433863	16616.41619057126	19448.163941729752	2831.747751158493	4091	32728	4	2498.7691784162744	2
24595896	phase6_comp_613	1	1	1	1	correct	5	5	0	5	nonfilled_truth_sites	0.8521184188739841	18329.740292072132	22178.773501821586	3849.0332097494547	4091	32728	4	3398.0141574318277	2
24597400	phase6_comp_614	1	1	1	1	correct	9	9	0	9	nonfilled_truth_sites	0.9003516154102854	20594.5334385988	23157.545437978515	2563.011999379717	4091	32728	4	9811.54360919644	2
24606287	phase6_comp_618	1	0	1		no_truth_comparison	2	2	0	2	nonfilled_truth_sites	0.8902447630938329	13714.643277069394	15643.245611185008	1928.6023341156138	4091	24546	3	2780.6627330666834	4
24641102	phase6_comp_438	1	0	1		no_truth_comparison	15	15	0	15	nonfilled_truth_sites	0.8743018397511437	6606.126169551549	7715.361842072599	1109.2356725210502	4091	32728	4	3475.472782190861	3
24649888	phase6_comp_438	1	1	1	1	correct	15	15	0	15	nonfilled_truth_sites	0.8549633025297695	11914.161524958396	14348.202774281528	2434.041249323132	4091	32728	4	11914.161524958396	1
24685930	phase6_comp_633	1	1	1	1	correct	42	42	0	42	nonfilled_truth_sites	0.949264679980643	24908.520197582013	26314.97590147508	1406.4557038930686	4091	32728	4	12074.118245564852	3
24711599	phase6_comp_640	1	1	1	1	correct	3	3	0	3	nonfilled_truth_sites	0.9555395058664645	17511.032292836855	18365.567562008488	854.5352691716307	4091	24546	3	11224.464104272543	4
24721953	phase6_comp_641	1	1	1	1	correct	2	2	0	2	nonfilled_truth_sites	0.9512344318041206	5958.141837653693	6280.0944100041015	321.9525723504084	4091	16364	2	3998.794786836893	4
24728961	phase6_comp_641	-1	-1	1	-1	correct	2	2	0	2	nonfilled_truth_sites	0.9766340114917621	4020.096287543862	4118.634706322212	98.53841877834962	4091	16364	2	1225.3854175725078	4
24742916	phase6_comp_647	1	1	1	1	correct	2	2	0	2	nonfilled_truth_sites	0.9087656473683355	7672.870023149744	8529.142234251403	856.2722111016593	4091	16364	2	822.4712276337796	3
24811046	phase6_comp_651	1	-1	-1	-1	correct	2	0	2	2	nonfilled_truth_sites	0.9192468562427061	10450.532016947296	11456.995514214641	1006.4634972673455	4091	16364	2	4384.074257732482	3
24848093	phase6_comp_656	1	-1	-1	-1	correct	3	0	3	3	nonfilled_truth_sites	0.901846358096924	16982.680788452013	19056.74707657041	2074.066288118395	4091	24546	3	48.05389882772943	3
24855533	phase6_comp_659	1	1	-1	-1	wrong	7	0	7	7	nonfilled_truth_sites	0.8715078183370738	15209.85876785251	17840.150567113047	2630.2917992605376	4091	32728	4	11306.692864552786	3
24871394	phase6_comp_663	1	-1	-1	-1	correct	6	0	6	6	nonfilled_truth_sites	0.8744164451512452	17050.668573451607	19910.163127886884	2859.4945544352777	4091	32728	4	1783.7369707384569	3
24879426	phase6_comp_664	-1	-1	1	-1	correct	4	4	0	4	nonfilled_truth_sites	0.865732210853738	16045.017764350872	18990.24517131482	2945.2274069639457	4091	32728	4	6630.04751743684	2
24911604	phase6_comp_669	1	1	1	1	correct	2	2	0	2	nonfilled_truth_sites	0.9984906899322634	14026.472838309612	14047.70723355235	21.234395242738856	4091	16364	2	4283.381594108088	4
24935972	phase6_comp_672	1	1	1	1	correct	4	4	0	4	nonfilled_truth_sites	0.9676797014291748	18600.20445976775	19242.91373256813	642.7092728003826	4091	32728	4	18319.41039151692	2
24940853	phase6_comp_673	-1	0	1		no_truth_comparison	2	2	0	2	nonfilled_truth_sites	0.8860410577068912	9950.710913033994	11419.430972824679	1468.7200597906856	4091	16364	2	1646.9827971401828	3
24943987	phase6_comp_673	1	1	1	1	correct	2	2	0	2	nonfilled_truth_sites	0.9770737874579438	11505.226007105306	11781.673030309805	276.4470232044987	4091	16364	2	8817.657559386145	3
24945236	phase6_comp_672	1	1	1	1	correct	4	4	0	4	nonfilled_truth_sites	0.8543223113818827	5394.571996349654	6503.546444567853	1108.9744482181984	4091	16364	2	1576.7862806814815	3
24947831	phase6_comp_673	1	1	1	1	correct	2	2	0	2	nonfilled_truth_sites	0.874046379988619	5758.414179590238	6727.9371455207265	969.5229659304885	4091	16364	2	321.9393236431788	4
24949570	phase6_comp_674	1	1	1	1	correct	3	3	0	3	nonfilled_truth_sites	0.8811403356131314	8621.527914316295	9965.851538250194	1344.3236239338987	4091	24546	3	4571.2128055336625	4
24964703	phase6_comp_676	1	1	1	1	correct	6	6	0	6	nonfilled_truth_sites	0.9576059965434387	10115.385288549776	10583.945231083791	468.5599425340143	4091	16364	2	2253.7847794866757	3
