label	source_window	pos	block_id	candidate_accepted_by_rule	pred_state	truth_state	block_orientation	oriented_pred_state	panel_confidence	panel_margin	panel_support	panel_conflict	support_conflict_ratio	panel_samples	panel_haplotypes	anchors	best_vs_second_margin	n_block_candidates
1	chr20_30_35mb_illumina30x_phase7a	31253134	phase6_comp_231	1	1	-1	-1	-1	0.9201049096606326	11547.474821455948	12645.517861225553	1098.0430397696052	11.506844958389136	4091.0	16364.0	2.0	5706.220156216498	3.0
1	chr20_30_35mb_illumina30x_phase7a	31266291	phase6_comp_236	1	1	-1	-1	-1	0.9249572231728135	5377.35849056561	5852.149706154844	474.79121558923447	12.30192890153746	4091.0	8182.0	1.0	1012.4703666413343	4.0
1	chr20_30_35mb_illumina30x_phase7a	31268950	phase6_comp_238	1	1	-1	-1	-1	0.9407010299675164	4807.9372721813115	5131.405688220815	323.46841603950395	15.817889922438386	4091.0	16364.0	2.0	1713.1597093189848	4.0
1	chr20_30_35mb_illumina30x_phase7a	31269641	phase6_comp_238	1	1	-1	-1	-1	0.9230135755518251	4837.844542181331	5278.076694131533	440.23215195020174	11.964397133795769	4091.0	16364.0	2.0	1442.367769565814	4.0
1	chr20_30_35mb_illumina30x_phase7a	31272881	phase6_comp_238	1	1	-1	-1	-1	0.9232972639757789	6258.206756836969	6825.209690361871	567.0029335249019	12.017912738583775	4091.0	16364.0	2.0	2750.3642306091906	4.0
0	chr20_30_35mb_illumina30x_phase7a	31274553	phase6_comp_238	1	1	1	-1	-1	0.9339190873180739	7556.78911284925	8132.195376501208	575.4062636519574	14.1101786871146	4091.0	16364.0	2.0	2988.593009769974	4.0
1	chr20_30_35mb_illumina30x_phase7a	31285774	phase6_comp_241	0	1	-1	-1	-1	0.840366110038684	8952.639855620228	11052.062629252043	2099.4227736318153	5.262303745707502	4091.0	16364.0	2.0	113.5411989043223	3.0
1	chr20_30_35mb_illumina30x_phase7a	31297920	phase6_comp_245	1	1	-1	-1	-1	0.9546962488042504	11613.88937660476	12192.465465715157	578.5760891103957	21.038593024828163	4091.0	16364.0	2.0	7679.882173165301	4.0
1	chr20_30_35mb_illumina30x_phase7a	31298693	phase6_comp_245	1	1	-1	-1	-1	0.9548628468616002	10365.986287085443	10880.307377166793	514.3210900813508	21.115587129277056	4091.0	16364.0	2.0	6043.800941157308	4.0
1	chr20_30_35mb_illumina30x_phase7a	31318384	phase6_comp_249	0	-1	1	-1	1	0.6822168141735248	3506.900068562915	6564.888655449672	3057.9885868867573	2.1464246985412956	4091.0	16364.0	2.0	2084.9481842586206	3.0
1	chr20_30_35mb_illumina30x_phase7a	31321154	phase6_comp_249	0	-1	1	-1	1	0.6576537548740976	2288.097249077426	4772.406938783593	2484.3096897061673	1.9206487459307104	4091.0	16364.0	2.0	895.2555069473058	2.0
1	chr20_30_35mb_illumina30x_phase7a	31323198	phase6_comp_249	1	1	-1	-1	-1	0.9976698642263406	6113.919406550206	6128.232371178494	14.312964628287894	400.2642545033939	4091.0	16364.0	2.0	483.3884330983401	2.0
1	chr20_30_35mb_illumina30x_phase7a	31333052	phase6_comp_251	1	1	-1	-1	-1	0.9303218484657279	6644.289322771163	7182.21436645677	537.9250436856075	13.32878189763109	4091.0	16364.0	2.0	1386.6256939397717	3.0
1	chr20_30_35mb_illumina30x_phase7a	31342316	phase6_comp_255	1	1	-1	-1	-1	0.9573976146390092	8440.806871581311	8833.898675727045	393.091804145734	22.41837709586045	4091.0	16364.0	2.0	8440.806871581311	1.0
1	chr20_30_35mb_illumina30x_phase7a	31346428	phase6_comp_255	1	1	-1	-1	-1	0.9572903737762974	5764.981393609025	6034.19786374195	269.21647013292466	22.3346780482075	4091.0	16364.0	2.0	5764.981393609025	1.0
1	chr20_30_35mb_illumina30x_phase7a	31355903	phase6_comp_257	1	1	-1	-1	-1	0.9984111464189687	4371.3152535109075	4378.282774145488	6.967520634580342	549.6418490764472	4091.0	8182.0	1.0	1898.9847780625705	3.0
1	chr20_30_35mb_illumina30x_phase7a	31361432	phase6_comp_257	1	1	-1	-1	-1	0.9121241750183434	5438.709677420128	6018.548387097546	579.8387096774179	10.363545484839742	4091.0	8182.0	1.0	121.62982534434013	2.0
1	chr20_30_35mb_illumina30x_phase7a	31374306	phase6_comp_259	0	-1	-1	1	-1	0.8310926423857007	2890.524967989213	3627.82757148902	737.3026034998068	4.915095184937906	4091.0	8182.0	1.0	1756.361759137384	2.0
1	chr20_30_35mb_illumina30x_phase7a	31376027	phase6_comp_259	1	-1	-1	1	-1	0.998777804937668	3678.896601460136	3683.4039484357063	4.50734697557018	668.9979703075194	4091.0	8182.0	1.0	2390.614311180576	2.0
1	chr20_30_35mb_illumina30x_phase7a	31378130	phase6_comp_259	1	-1	-1	1	-1	0.9156685406990865	2577.2961503482325	2838.7390118214034	261.44286147317086	10.82040866297941	4091.0	8182.0	1.0	1701.6782748310939	2.0
1	chr20_30_35mb_illumina30x_phase7a	31381060	phase6_comp_261	1	1	1	1	1	0.9588120263994093	5375.912931404226	5617.213232134569	241.30030073034337	23.18698414818351	4091.0	8182.0	1.0	2274.0092359951454	3.0
1	chr20_30_35mb_illumina30x_phase7a	31385142	phase6_comp_263	1	1	-1	-1	-1	0.8901323048264213	4619.970412872183	5270.500367393932	650.5299545217489	8.090956265032267	4091.0	16364.0	2.0	1367.399628254856	3.0
1	chr20_30_35mb_illumina30x_phase7a	31386129	phase6_comp_263	0	1	-1	-1	-1	0.7199603110892139	2805.1673777292167	4590.849067103079	1785.681689373862	2.570043166845394	4091.0	16364.0	2.0	1432.9085320408235	3.0
1	chr20_30_35mb_illumina30x_phase7a	31390409	phase6_comp_263	0	1	-1	-1	-1	0.7187212018591876	4185.830201681905	6877.350910105497	2691.5207084235917	2.554613930576828	4091.0	16364.0	2.0	2251.2761312220864	4.0
1	chr20_30_35mb_illumina30x_phase7a	31391113	phase6_comp_263	0	1	-1	-1	-1	0.7188809968802037	4564.837985878161	7496.254422855997	2931.416436977837	2.5566813527285728	4091.0	16364.0	2.0	2510.0686556643213	4.0
1	chr20_30_35mb_illumina30x_phase7a	31408264	phase6_comp_268	1	1	1	1	1	0.9923732606061697	13771.283123071102	13877.9399989634	106.65687589229908	128.9182867692354	4091.0	16364.0	2.0	4391.571158178922	2.0
1	chr20_30_35mb_illumina30x_phase7a	31415547	phase6_comp_270	1	-1	1	-1	1	0.9767782938156956	6709.666322670174	6873.065015480631	163.3986928104572	41.81338000908594	4091.0	8182.0	1.0	2421.006528856343	2.0
1	chr20_30_35mb_illumina30x_phase7a	31424444	phase6_comp_271	1	-1	-1	1	-1	0.85652937195723	5519.247616278884	6629.745073310397	1110.4974570315126	5.965596260579124	4091.0	16364.0	2.0	2483.1321851397256	2.0
1	chr20_30_35mb_illumina30x_phase7a	31433893	phase6_comp_277	1	-1	-1	1	-1	0.9964024745810248	12736.033958845497	12782.1842182117	46.15025936620248	271.1158833491963	4091.0	16364.0	2.0	90.18631990407266	2.0
1	chr20_30_35mb_illumina30x_phase7a	31436072	phase6_comp_278	1	1	-1	-1	-1	0.9895296505619422	16400.216573474845	16575.605335102453	175.38876162760766	93.97767285253137	4091.0	24546.0	3.0	6900.603225461282	2.0
1	chr20_30_35mb_illumina30x_phase7a	31436938	phase6_comp_278	1	1	-1	-1	-1	0.9595294859437061	17459.41919233286	18228.240009550882	768.8208172180191	23.67984809169979	4091.0	24546.0	3.0	9260.35968316076	2.0
1	chr20_30_35mb_illumina30x_phase7a	31456926	phase6_comp_285	1	1	-1	-1	-1	0.998833548218959	10099.481750223118	10111.289855869982	11.80810564686299	789.5226768641405	4091.0	16364.0	2.0	4512.973488580979	4.0
1	chr20_30_35mb_illumina30x_phase7a	31459409	phase6_comp_285	1	1	-1	-1	-1	0.9649734369179973	7201.172712836753	7472.40576645209	271.2330536153366	27.45223501409186	4091.0	16364.0	2.0	1482.618783944792	4.0
1	chr20_30_35mb_illumina30x_phase7a	31467430	phase6_comp_290	0	1	-1	-1	-1	0.8221270896938242	7874.781295586605	10048.939123172568	2174.157827585963	4.620326394579931	4091.0	16364.0	2.0	1724.7273747723411	3.0
1	chr20_30_35mb_illumina30x_phase7a	31475539	phase6_comp_295	1	1	-1	-1	-1	0.9898380918846976	7756.388898924421	7836.843760033889	80.45486110946891	96.22315541733532	4091.0	24546.0	3.0	7756.388898924421	1.0
1	chr20_30_35mb_illumina30x_phase7a	31478547	phase6_comp_295	1	1	-1	-1	-1	0.9895610440697136	9620.524416032165	9723.094086987136	102.56967095497029	93.88939828934039	4091.0	24546.0	3.0	9620.524416032165	1.0
1	chr20_30_35mb_illumina30x_phase7a	31481001	phase6_comp_295	1	1	-1	-1	-1	0.9886584039749687	11954.825957051275	12093.559687456307	138.73373040503256	86.55433195978512	4091.0	24546.0	3.0	11954.825957051275	1.0
1	chr20_30_35mb_illumina30x_phase7a	31482792	phase6_comp_295	1	1	-1	-1	-1	0.9878708342589555	14535.942596346782	14716.634743297112	180.69214695033054	81.00314179963152	4091.0	24546.0	3.0	14535.942596346782	1.0
1	chr20_30_35mb_illumina30x_phase7a	31557702	phase6_comp_296	0	-1	1	-1	1	0.5065222314334834	107.6975003032585	4181.941313318274	4074.243813015016	1.026427253250298	4091.0	16364.0	2.0	107.6975003032585	1.0
0	chr20_30_35mb_illumina30x_phase7a	31571751	phase6_comp_296	0	-1	-1	-1	1	0.5111870441168817	129.4897029933095	2958.487417459727	2828.9977144664176	1.0457561157492752	4091.0	16364.0	2.0	129.4897029933095	1.0
1	chr20_30_35mb_illumina30x_phase7a	31656635	phase6_comp_302	1	1	1	1	1	0.9824003911024216	5125.308401506827	5218.802752889765	93.49435138293715	55.239309826431644	4091.0	8182.0	1.0	5125.308401506827	1.0
1	chr20_30_35mb_illumina30x_phase7a	31680381	phase6_comp_309	1	1	1	1	1	0.9770227328281581	6642.273655547572	6802.246426139811	159.9727705922391	42.26333684330468	4091.0	8182.0	1.0	6642.273655547572	1.0
0	chr20_30_35mb_illumina30x_phase7a	31685231	phase6_comp_309	1	1	-1	1	1	0.9264238572476106	3887.898373077395	4223.311789614057	335.4134165366617	12.55690641919954	4091.0	8182.0	1.0	3887.898373077395	1.0
0	chr20_30_35mb_illumina30x_phase7a	31831248	phase6_comp_340	1	1	1	-1	-1	0.8859692006844256	4849.508599508396	5565.878378378175	716.3697788697782	7.760123917052703	4091.0	8182.0	1.0	4849.508599508396	1.0
0	chr20_30_35mb_illumina30x_phase7a	31852885	phase6_comp_343	0	-1	-1	-1	1	0.5351206494600209	887.2090984129027	6759.0422763963	5871.833177983397	1.1510700323889587	4091.0	16364.0	2.0	249.31533799775298	4.0
0	chr20_30_35mb_illumina30x_phase7a	31856919	phase6_comp_345	0	-1	1	1	-1	0.8374691519717469	7614.489154439692	9448.122498912953	1833.6333444732604	5.150414674069864	4091.0	24546.0	3.0	754.6783964663537	4.0
0	chr20_30_35mb_illumina30x_phase7a	31858327	phase6_comp_345	0	1	-1	1	1	0.5951262186121891	2465.760997891258	7713.115480070241	5247.354482178983	1.4698160168608765	4091.0	24546.0	3.0	1023.7467640561204	4.0
0	chr20_30_35mb_illumina30x_phase7a	31860034	phase6_comp_345	0	1	-1	1	1	0.8148014652157863	9956.660999012905	12885.4260018955	2928.765002882594	4.3984503839784255	4091.0	24546.0	3.0	5407.935375467052	4.0
0	chr20_30_35mb_illumina30x_phase7a	31861378	phase6_comp_345	0	1	-1	1	1	0.8377369269803125	12923.72278379724	16028.27370232285	3104.5509185256083	5.1614911887945825	4091.0	24546.0	3.0	8568.048690917294	4.0
1	chr20_30_35mb_illumina30x_phase7a	31870809	phase6_comp_347	1	1	1	1	1	0.9971889513566367	2864.9904922883497	2873.0896542011606	8.099161912810759	315.863118135607	4091.0	8182.0	1.0	807.8389340706153	3.0
1	chr20_30_35mb_illumina30x_phase7a	31871636	phase6_comp_346	0	-1	-1	1	-1	0.790157011733977	8064.912123333629	10981.204323114773	2916.2921997811436	3.764519825589861	4091.0	32728.0	4.0	7202.662646815368	3.0
1	chr20_30_35mb_illumina30x_phase7a	31873749	phase6_comp_347	1	1	1	1	1	0.9446345636763667	3231.1928235192445	3432.3652189362456	201.1723954170012	16.982364045569025	4091.0	8182.0	1.0	1073.3357658888513	3.0
1	chr20_30_35mb_illumina30x_phase7a	31877116	phase6_comp_347	1	1	1	1	1	0.9992666829626007	5176.127724277101	5179.929042067269	3.8013177901672575	1079.0639712866803	4091.0	8182.0	1.0	2137.6805424930244	3.0
1	chr20_30_35mb_illumina30x_phase7a	31879088	phase6_comp_347	1	1	1	1	1	0.9982889269127356	6886.824324325736	6898.64864865006	11.824324324324325	538.0126448894672	4091.0	8182.0	1.0	3330.8407823485877	3.0
1	chr20_30_35mb_illumina30x_phase7a	31899104	phase6_comp_351	1	1	1	1	1	0.9974333903691024	9825.137852708442	9850.485259945164	25.347407236722713	373.90719972682086	4091.0	16364.0	2.0	6345.422919431005	3.0
1	chr20_30_35mb_illumina30x_phase7a	31899629	phase6_comp_352	1	1	-1	-1	-1	0.9937668051821064	5166.901138252332	5199.51400434774	32.612866095408656	154.7179579862755	4091.0	8182.0	1.0	1944.8466828733658	3.0
1	chr20_30_35mb_illumina30x_phase7a	31901292	phase6_comp_353	0	1	1	1	1	0.739562031754932	6914.683124407172	10673.30466135694	3758.6215369497686	2.839196593712767	4091.0	16364.0	2.0	785.0636243894996	3.0
1	chr20_30_35mb_illumina30x_phase7a	31906181	phase6_comp_353	0	-1	-1	1	-1	0.6516873875887612	2693.080559913143	5785.07766055663	3091.9971006434866	1.8707025814388438	4091.0	16364.0	2.0	312.592076161412	2.0
0	chr20_30_35mb_illumina30x_phase7a	31912072	phase6_comp_353	0	1	-1	1	1	0.5893028908048323	967.2456840162795	3191.389845122724	2224.1441611064447	1.434688997199768	4091.0	16364.0	2.0	17.628026958481314	4.0
0	chr20_30_35mb_illumina30x_phase7a	31918318	phase6_comp_354	0	1	-1	1	1	0.5534295980019811	656.2867328871589	3398.9447454040956	2742.6580125169367	1.2392013617925741	4091.0	16364.0	2.0	248.19365098205947	3.0
0	chr20_30_35mb_illumina30x_phase7a	31934129	phase6_comp_356	0	1	1	-1	-1	0.8150171831619955	7709.248312652344	9972.741456524298	2263.493143871954	4.404403468173301	4091.0	16364.0	2.0	4987.3352545542275	4.0
1	chr20_30_35mb_illumina30x_phase7a	31943136	phase6_comp_357	1	1	-1	-1	-1	0.936690295771209	3746.854026845915	4018.456375839204	271.6023489932891	14.744760603431757	4091.0	8182.0	1.0	931.1922681885317	2.0
1	chr20_30_35mb_illumina30x_phase7a	31946080	phase6_comp_357	1	1	-1	-1	-1	0.8545587875825099	2324.5192307695543	2801.282051282387	476.7628205128327	5.865425125116277	4091.0	8182.0	1.0	188.89907316388098	2.0
1	chr20_30_35mb_illumina30x_phase7a	31952914	phase6_comp_357	1	1	-1	-1	-1	0.9183573698362124	1772.2895309098706	1945.2210831517677	172.93155224189712	11.189580372657403	4091.0	8182.0	1.0	469.80491727874573	2.0
1	chr20_30_35mb_illumina30x_phase7a	31982062	phase6_comp_364	1	1	-1	-1	-1	0.9198480176962477	6929.479826212444	7590.923397450904	661.44357123846	11.460483167279524	4091.0	16364.0	2.0	2875.7636141258645	2.0
0	chr20_30_35mb_illumina30x_phase7a	32446667	phase6_comp_367	1	1	-1	1	1	0.9846003422146206	2016.8879393666066	2048.9343303325763	32.046390965969856	62.03201833578544	4091.0	8182.0	1.0	238.29948224064128	2.0
1	chr20_30_35mb_illumina30x_phase7a	32478279	phase6_comp_368	0	1	-1	-1	-1	0.7846492300171104	1468.8446014126866	2024.4702320887623	555.6256306760756	3.638837524654826	4091.0	8182.0	1.0	1468.8446014126866	1.0
1	chr20_30_35mb_illumina30x_phase7a	32510057	phase6_comp_375	1	1	1	1	1	0.9726509497381503	12302.350428521035	12658.276509273554	355.9260807525191	35.467502073772756	4091.0	24546.0	3.0	8423.104341842954	3.0
1	chr20_30_35mb_illumina30x_phase7a	32511900	phase6_comp_375	1	1	1	1	1	0.9587027884100717	9987.229355513806	10436.806657323315	449.577301809509	23.165407168548665	4091.0	24546.0	3.0	5082.618862668151	3.0
1	chr20_30_35mb_illumina30x_phase7a	32516746	phase6_comp_377	1	1	1	1	1	0.9885113664140813	7365.026718261653	7451.630735213928	86.60401695227554	85.07179230461468	4091.0	8182.0	1.0	2085.4980802786213	4.0
0	chr20_30_35mb_illumina30x_phase7a	32518823	phase6_comp_378	0	1	-1	1	1	0.8321926179418371	4504.474643686328	5642.194232682019	1137.719588995691	4.955736501959283	4091.0	8182.0	1.0	429.28667376166413	2.0
1	chr20_30_35mb_illumina30x_phase7a	32522360	phase6_comp_378	1	1	1	1	1	0.990466878513811	5348.527255764455	5400.506464081128	51.97920831667336	101.9552129166338	4091.0	8182.0	1.0	1424.8991022347468	3.0
1	chr20_30_35mb_illumina30x_phase7a	32525293	phase6_comp_378	1	1	1	1	1	0.999388902468834	3915.293215791167	3917.6887696432173	2.395553852050594	1154.064679986359	4091.0	8182.0	1.0	857.3663865222975	3.0
1	chr20_30_35mb_illumina30x_phase7a	32529813	phase6_comp_378	1	1	1	1	1	0.9979222683940359	2723.990371757433	2729.6737095482863	5.683337790853171	408.57933490740083	4091.0	8182.0	1.0	198.74418220715506	3.0
1	chr20_30_35mb_illumina30x_phase7a	32534358	phase6_comp_379	1	1	1	1	1	0.9974333903691034	3570.8018950699543	3580.0140375510914	9.212142481137036	350.6623653328009	4091.0	8182.0	1.0	1492.9597331292457	3.0
1	chr20_30_35mb_illumina30x_phase7a	32544343	phase6_comp_380	1	1	1	1	1	0.9998777804937667	6987.8694686494755	6988.723731420704	0.8542627712284298	3769.5432599286264	4091.0	8182.0	1.0	2235.336570081824	4.0
1	chr20_30_35mb_illumina30x_phase7a	32545015	phase6_comp_380	1	1	1	1	1	0.9998777804937669	6268.199233715741	6268.965517240645	0.7662835249042146	3549.8069414312545	4091.0	8182.0	1.0	1860.5958208200218	4.0
1	chr20_30_35mb_illumina30x_phase7a	32549249	phase6_comp_381	1	1	1	1	1	0.9630505639014572	4444.372336120987	4621.693199579196	177.32086345820926	25.923456795410573	4091.0	16364.0	2.0	648.4805246139699	4.0
1	chr20_30_35mb_illumina30x_phase7a	32550153	phase6_comp_381	1	1	1	1	1	0.9628073543971221	4690.8216825923155	4879.306228882875	188.4845462905592	25.755695250204315	4091.0	16364.0	2.0	1189.149728549421	4.0
1	chr20_30_35mb_illumina30x_phase7a	32588209	phase6_comp_389	1	1	1	1	1	0.984701056609339	11792.966108608558	11979.08074405591	186.11463544735102	64.02535384479201	4091.0	16364.0	2.0	11792.966108608558	1.0
1	chr20_30_35mb_illumina30x_phase7a	32596364	phase6_comp_391	1	1	1	1	1	0.9165601103530314	12608.520328108632	13871.30752093098	1262.7871928223492	10.976774887194964	4091.0	24546.0	3.0	8940.90669174465	2.0
0	chr20_30_35mb_illumina30x_phase7a	32624378	phase6_comp_398	0	1	-1	1	1	0.759062195708047	4810.5348805378935	7047.526094981324	2236.99121444343	3.149487830645588	4091.0	16364.0	2.0	4415.519840467603	2.0
0	chr20_30_35mb_illumina30x_phase7a	32625697	phase6_comp_398	0	1	-1	1	1	0.6974956564290673	4312.866392404796	7615.8778118284245	3303.011419423628	2.3053424594873704	4091.0	16364.0	2.0	3485.50961187919	2.0
1	chr20_30_35mb_illumina30x_phase7a	32627071	phase6_comp_398	1	1	1	1	1	0.9614563712309783	12340.071842125151	12855.430582104338	515.3587399791861	24.8982530684434	4091.0	16364.0	2.0	7755.682024693449	2.0
1	chr20_30_35mb_illumina30x_phase7a	32629483	phase6_comp_399	0	1	1	1	1	0.7053843788372771	7979.506935971569	13702.647629101139	5723.14069312957	2.3940095751924853	4091.0	24546.0	3.0	2380.6585932943963	2.0
1	chr20_30_35mb_illumina30x_phase7a	32634182	phase6_comp_399	0	1	1	1	1	0.628689979441708	3777.099905616953	9226.1451603045	5449.045254687548	1.693040099505283	4091.0	24546.0	3.0	24.344693264916714	3.0
1	chr20_30_35mb_illumina30x_phase7a	32638298	phase6_comp_400	1	1	-1	-1	-1	0.9836899614313148	10885.872149384972	11069.408100890818	183.53595150584542	59.99052222916112	4091.0	16364.0	2.0	8960.157863671036	4.0
1	chr20_30_35mb_illumina30x_phase7a	32640677	phase6_comp_400	1	1	-1	-1	-1	0.9814226350525588	8162.697296611522	8320.190313758596	157.49301714707408	52.50193644832265	4091.0	16364.0	2.0	6621.922124009363	4.0
1	chr20_30_35mb_illumina30x_phase7a	32650337	phase6_comp_402	1	1	1	1	1	0.963456367636276	5355.9322033900735	5567.090395480471	211.15819209039705	26.244993608863336	4091.0	8182.0	1.0	354.17682774604873	4.0
1	chr20_30_35mb_illumina30x_phase7a	32660374	phase6_comp_403	1	1	-1	-1	-1	0.9432901491078021	4890.776699029553	5203.613807983166	312.83710895361315	16.583806246929317	4091.0	8182.0	1.0	142.66925217008247	4.0
1	chr20_30_35mb_illumina30x_phase7a	32663060	phase6_comp_407	0	1	-1	-1	-1	0.7543394576995573	6761.642248457863	10027.098416017809	3265.4561675599452	3.070023873459424	4091.0	24546.0	3.0	4935.205809041556	3.0
1	chr20_30_35mb_illumina30x_phase7a	32664640	phase6_comp_407	0	1	-1	-1	-1	0.7460310009243352	7891.48949571842	11964.540617150273	4073.051121431853	2.937012879932862	4091.0	24546.0	3.0	4928.841701666442	3.0
1	chr20_30_35mb_illumina30x_phase7a	32665475	phase6_comp_407	0	1	-1	-1	-1	0.7535307202811127	9128.354811713456	13565.408895271517	4437.0540835580605	3.056837217358808	4091.0	24546.0	3.0	6299.570802315136	3.0
1	chr20_30_35mb_illumina30x_phase7a	32670557	phase6_comp_409	1	1	1	1	1	0.9891239307750931	20107.40266211895	20330.95490473744	223.55224261848824	90.54443040803295	4091.0	24546.0	3.0	8997.765887414855	4.0
1	chr20_30_35mb_illumina30x_phase7a	32674231	phase6_comp_411	1	1	1	1	1	0.9900095430590161	18920.69020695257	19113.57047171865	192.88026476607732	98.58956245382161	4091.0	24546.0	3.0	5707.416227639787	3.0
1	chr20_30_35mb_illumina30x_phase7a	32674621	phase6_comp_411	1	1	1	1	1	0.9901417151221819	20163.016940264315	20365.787648062415	202.77070779809816	99.94953577057998	4091.0	24546.0	3.0	7731.77046136177	3.0
1	chr20_30_35mb_illumina30x_phase7a	32684399	phase6_comp_414	0	1	1	1	1	0.8205730675657583	15524.715211565072	19869.359707870015	4344.644496304944	4.572477045640888	4091.0	32728.0	4.0	7552.342244884127	3.0
1	chr20_30_35mb_illumina30x_phase7a	32686866	phase6_comp_415	0	-1	1	-1	1	0.7997081078913422	7462.110068523614	9955.536347951333	2493.426279427719	3.991513571704192	4091.0	16364.0	2.0	4309.844570014759	3.0
1	chr20_30_35mb_illumina30x_phase7a	32687743	phase6_comp_415	0	-1	1	-1	1	0.8161471079135906	6944.2837145189915	8963.480810466846	2019.1970959478547	4.4374288174396215	4091.0	16364.0	2.0	4061.1177702834625	4.0
1	chr20_30_35mb_illumina30x_phase7a	32695163	phase6_comp_416	0	-1	-1	1	-1	0.6290954918669905	2249.115347962434	5480.084182760738	3230.968834798304	1.6958963600596704	4091.0	16364.0	2.0	194.17260008459925	4.0
1	chr20_30_35mb_illumina30x_phase7a	32698950	phase6_comp_417	0	-1	-1	1	-1	0.7124132577109821	2658.691738995056	4458.495819512157	1799.8040805171015	2.476391445221299	4091.0	16364.0	2.0	112.785082529806	4.0
1	chr20_30_35mb_illumina30x_phase7a	32700017	phase6_comp_417	0	-1	-1	1	-1	0.7123454699905187	2894.0387046908522	4854.248506821941	1960.209802131089	2.475639526962456	4091.0	16364.0	2.0	347.0044295313446	4.0
1	chr20_30_35mb_illumina30x_phase7a	32702139	phase6_comp_417	0	1	1	1	1	0.63638226181387	2257.772041048624	5267.56947360041	3009.7974325517857	1.749891711955879	4091.0	16364.0	2.0	142.77775264995853	4.0
1	chr20_30_35mb_illumina30x_phase7a	32703823	phase6_comp_417	0	-1	-1	1	-1	0.7143694148584254	4277.589896316731	7127.367943916355	2849.7780475996246	2.500499100559053	4091.0	16364.0	2.0	869.0245462098587	4.0
1	chr20_30_35mb_illumina30x_phase7a	32705594	phase6_comp_417	0	1	1	1	1	0.6301332477733588	3311.9898263268833	8018.684469822844	4706.694643495961	1.7035269016232073	4091.0	16364.0	2.0	2109.556198008273	3.0
1	chr20_30_35mb_illumina30x_phase7a	32711057	phase6_comp_418	0	-1	1	-1	1	0.7231775823404981	5850.774912152226	9479.333030262187	3628.5581181099615	2.6119799495589646	4091.0	16364.0	2.0	1009.885381626329	4.0
1	chr20_30_35mb_illumina30x_phase7a	32711962	phase6_comp_420	0	1	1	1	1	0.7344376414903118	5746.7692395473205	9001.63390923856	3254.8646696912406	2.765051629155181	4091.0	16364.0	2.0	549.3487636069285	4.0
1	chr20_30_35mb_illumina30x_phase7a	32729293	phase6_comp_424	0	-1	-1	1	-1	0.7889035049740436	11458.139458034955	15644.265686110839	4186.126228075884	3.73651636800554	4091.0	24546.0	3.0	7092.937426682288	4.0
1	chr20_30_35mb_illumina30x_phase7a	32732153	phase6_comp_424	0	1	1	1	1	0.6772802689472097	6530.48529334005	12474.509605877834	5944.024312537785	2.098479156690336	4091.0	24546.0	3.0	1494.2591587634151	3.0
1	chr20_30_35mb_illumina30x_phase7a	32744985	phase6_comp_427	1	1	1	1	1	0.92349058909802	4841.414000279482	5278.7480788040075	437.33407852452575	12.045032174035253	4091.0	8182.0	1.0	616.726420580515	2.0
1	chr20_30_35mb_illumina30x_phase7a	32754778	phase6_comp_429	1	1	1	1	1	0.9997555609875336	12130.17591431199	12133.14245280901	2.966538497018656	3059.126354611034	4091.0	16364.0	2.0	6384.242529338529	3.0
1	chr20_30_35mb_illumina30x_phase7a	32768474	phase6_comp_433	1	1	1	1	1	0.985455878758251	5050.864699898664	5126.525940997341	75.66124109867735	66.88550651557098	4091.0	8182.0	1.0	5050.864699898664	1.0
1	chr20_30_35mb_illumina30x_phase7a	32776360	phase6_comp_437	1	1	1	1	1	0.9877780493766789	5639.395223964192	5710.046629927171	70.65140596297873	79.70599534191958	4091.0	8182.0	1.0	5639.395223964192	1.0
1	chr20_30_35mb_illumina30x_phase7a	32808730	phase6_comp_449	1	1	1	1	1	0.8808359814226332	3294.5654472403403	3810.002114611874	515.4366673715334	7.37941814629164	4091.0	8182.0	1.0	2718.7299716617854	2.0
1	chr20_30_35mb_illumina30x_phase7a	32811986	phase6_comp_450	1	1	1	1	1	0.9424346125641591	4302.353220821908	4582.243879248339	279.8906584264318	16.316825575204163	4091.0	8182.0	1.0	2461.0117180808807	2.0
1	chr20_30_35mb_illumina30x_phase7a	32832951	phase6_comp_454	0	1	1	1	1	0.6438802036283108	3452.83161308166	7725.906226365094	4273.074613283434	1.8078547815591648	4091.0	16364.0	2.0	31.923956074812395	3.0
1	chr20_30_35mb_illumina30x_phase7a	32834813	phase6_comp_456	1	1	1	1	1	0.9101048318790123	6801.189987408476	7546.601976996098	745.411989587622	10.11184450716822	4091.0	16364.0	2.0	2357.5140712666707	3.0
0	chr20_30_35mb_illumina30x_phase7a	32835971	phase6_comp_456	0	1	-1	1	1	0.6949981391741705	3663.952506413151	6529.3960874806635	2865.4435810675127	2.278222439336703	4091.0	16364.0	2.0	1202.5826536583381	3.0
1	chr20_30_35mb_illumina30x_phase7a	32852422	phase6_comp_459	0	1	1	1	1	0.8007926915074599	12202.044594382818	16242.595662247886	4040.551067865068	4.0191489330428025	4091.0	24546.0	3.0	9007.672525596401	3.0
1	chr20_30_35mb_illumina30x_phase7a	32856374	phase6_comp_459	0	1	1	1	1	0.7907602034450464	7133.716008897529	9700.534419217987	2566.818410320458	3.7781232427597002	4091.0	24546.0	3.0	2645.4853820796543	3.0
1	chr20_30_35mb_illumina30x_phase7a	32888858	phase6_comp_472	1	1	-1	-1	-1	0.9503032383672402	25165.440742315648	26554.105983197456	1388.6652408818074	19.10899488739245	4091.0	32728.0	4.0	3070.868077467705	2.0
1	chr20_30_35mb_illumina30x_phase7a	32895608	phase6_comp_475	0	1	-1	-1	-1	0.8030234540179091	13535.046717767738	17934.18928713228	4399.142569364544	4.07604731083121	4091.0	32728.0	4.0	1280.8950980696864	3.0
1	chr20_30_35mb_illumina30x_phase7a	32901908	phase6_comp_478	1	1	-1	-1	-1	0.9937737286357705	10451.155720797802	10517.047978540322	65.89225774252085	157.23864515122204	4091.0	16364.0	2.0	3581.443368853049	4.0
1	chr20_30_35mb_illumina30x_phase7a	32905614	phase6_comp_478	0	1	-1	-1	-1	0.6881062744229771	5153.382612905409	9425.722032186866	4272.339419281458	2.205938051551245	4091.0	16364.0	2.0	2605.5200375057893	4.0
1	chr20_30_35mb_illumina30x_phase7a	32906576	phase6_comp_478	1	1	-1	-1	-1	0.9682409370782539	11048.361521494915	11423.046412283004	374.68489078808807	30.408586271112366	4091.0	16364.0	2.0	6680.926033940585	4.0
1	chr20_30_35mb_illumina30x_phase7a	32909094	phase6_comp_480	0	1	-1	-1	-1	0.7152773337446836	6629.26283411408	11013.146071154704	4383.883237040624	2.5118447802929857	4091.0	32728.0	4.0	4148.717050082279	3.0
1	chr20_30_35mb_illumina30x_phase7a	32917486	phase6_comp_480	1	1	-1	-1	-1	0.8928147594665082	16581.693528896772	18843.97207942942	2262.2785505326483	8.326404222314736	4091.0	32728.0	4.0	6197.4566504618415	2.0
0	chr20_30_35mb_illumina30x_phase7a	32919056	phase6_comp_481	0	1	1	-1	-1	0.6525721201146352	7588.565796691044	16228.67423896098	8640.108442269937	1.8781935613225103	4091.0	32728.0	4.0	7402.4826545118885	2.0
1	chr20_30_35mb_illumina30x_phase7a	32922444	phase6_comp_481	0	1	-1	-1	-1	0.7482939986281372	12110.79605870239	18249.406065808394	6138.610007106005	2.9725676459392885	4091.0	32728.0	4.0	8188.783091746	3.0
1	chr20_30_35mb_illumina30x_phase7a	32926907	phase6_comp_482	1	1	1	1	1	0.9999394120100922	9439.950357476557	9440.522374408258	0.5720169317011784	6005.992800720659	4091.0	16364.0	2.0	6768.069665179135	4.0
1	chr20_30_35mb_illumina30x_phase7a	32930746	phase6_comp_483	1	1	1	1	1	0.9918033926512313	10775.707844672612	10865.504140740932	89.7962960683192	119.68003774696369	4091.0	16364.0	2.0	8408.127341141071	4.0
1	chr20_30_35mb_illumina30x_phase7a	32931972	phase6_comp_482	1	1	1	1	1	0.9993281220283979	5950.511710851871	5954.515108179104	4.003397327233112	1190.2942578163215	4091.0	16364.0	2.0	4127.056383765546	4.0
0	chr20_30_35mb_illumina30x_phase7a	32944320	phase6_comp_485	1	1	-1	1	1	0.9771665129098857	9782.794104414485	10016.858416185018	234.06431177053295	42.617521735772186	4091.0	24546.0	3.0	6904.006225626965	4.0
1	chr20_30_35mb_illumina30x_phase7a	32945551	phase6_comp_485	1	1	1	1	1	0.9941062143370768	9185.3919174178	9240.174401042137	54.78248362433651	165.6644487770789	4091.0	24546.0	3.0	5172.67422464667	4.0
1	chr20_30_35mb_illumina30x_phase7a	32950918	phase6_comp_487	1	1	1	1	1	0.9533121486189268	6218.980549967481	6539.235412475863	320.25486250838185	20.35840130608209	4091.0	8182.0	1.0	2500.7019878284686	3.0
1	chr20_30_35mb_illumina30x_phase7a	32954718	phase6_comp_488	0	1	1	1	1	0.8345033906555201	12481.956637475774	15569.700378187801	3087.743740712026	5.041111107067238	4091.0	24546.0	3.0	12008.789902531125	3.0
1	chr20_30_35mb_illumina30x_phase7a	32955358	phase6_comp_488	0	1	1	1	1	0.8331319949407925	13771.788553392715	17220.97823931632	3449.1896859236044	4.991603305053082	4091.0	24546.0	3.0	13309.466369617294	3.0
1	chr20_30_35mb_illumina30x_phase7a	32962826	phase6_comp_490	1	1	1	1	1	0.9666682568374912	11844.662611133619	12267.664654037042	423.00204290342293	28.935390428841725	4091.0	16364.0	2.0	4128.971740294957	4.0
1	chr20_30_35mb_illumina30x_phase7a	32970916	phase6_comp_492	0	1	1	1	1	0.8069114491359902	5362.278641009798	7049.07562273927	1686.7969817294727	4.177087469083581	4091.0	16364.0	2.0	205.92065260963045	2.0
1	chr20_30_35mb_illumina30x_phase7a	32976876	phase6_comp_494	0	1	1	1	1	0.6898953555572545	10051.64588202363	18258.961071913873	8207.315189890243	2.2245687025278613	4091.0	32728.0	4.0	6794.350260248743	2.0
1	chr20_30_35mb_illumina30x_phase7a	32980292	phase6_comp_495	0	1	1	1	1	0.7737938992534669	9212.29540634101	13017.853945949726	3805.558539608716	3.4201113185265664	4091.0	32728.0	4.0	2225.3373996610253	2.0
1	chr20_30_35mb_illumina30x_phase7a	32982190	phase6_comp_495	0	1	1	1	1	0.773874916649729	11453.4785573308	16181.766246304038	4728.287688973238	3.42181895257411	4091.0	32728.0	4.0	6015.958673492077	2.0
1	chr20_30_35mb_illumina30x_phase7a	32983231	phase6_comp_495	0	1	1	1	1	0.7741451289626397	13228.421589057794	18677.548960625365	5449.12737156757	3.4271765937193184	4091.0	32728.0	4.0	8380.753036469225	2.0
1	chr20_30_35mb_illumina30x_phase7a	33191941	phase6_comp_499	1	1	-1	-1	-1	0.8733966973527432	5138.505778798622	6009.632661923343	871.1268831247218	6.891924533260569	4091.0	16364.0	2.0	926.7156228182175	3.0
0	chr20_30_35mb_illumina30x_phase7a	33219125	phase6_comp_500	0	1	1	-1	-1	0.7695640991476156	1823.0427440866242	2602.2535113111517	779.2107672245276	3.3366029035613045	4091.0	16364.0	2.0	1329.5678140925093	2.0
1	chr20_30_35mb_illumina30x_phase7a	33223745	phase6_comp_501	1	1	-1	-1	-1	0.9934001466634067	1714.4434535182727	1725.9098823627114	11.466428844438777	138.52482566674087	4091.0	8182.0	1.0	1714.4434535182727	1.0
1	chr20_30_35mb_illumina30x_phase7a	33236963	phase6_comp_503	0	1	-1	-1	-1	0.6718406257638905	1408.8176352708178	2754.0080160323837	1345.1903807615658	2.046521840747237	4091.0	8182.0	1.0	1408.8176352708178	1.0
1	chr20_30_35mb_illumina30x_phase7a	33240459	phase6_comp_503	0	1	-1	-1	-1	0.6813737472500855	1101.2169783320214	2068.49213416456	967.2751558325385	2.1372975663980323	4091.0	8182.0	1.0	1101.2169783320214	1.0
1	chr20_30_35mb_illumina30x_phase7a	33241277	phase6_comp_503	1	1	-1	-1	-1	0.9991444634563674	2857.142857142302	2859.5914369660045	2.4485798237022522	829.498397370716	4091.0	8182.0	1.0	2857.142857142302	1.0
1	chr20_30_35mb_illumina30x_phase7a	33259417	phase6_comp_504	0	1	-1	-1	-1	0.6797779065518819	4286.71482742484	8104.483157197125	3817.768329772285	2.12253859287674	4091.0	24546.0	3.0	4286.71482742484	1.0
1	chr20_30_35mb_illumina30x_phase7a	33277891	phase6_comp_508	1	1	-1	-1	-1	0.9954945245298206	11521.180170597756	11573.56056238453	52.380391786773586	216.831689969957	4091.0	16364.0	2.0	2802.20533306813	2.0
1	chr20_30_35mb_illumina30x_phase7a	33282284	phase6_comp_508	1	1	-1	-1	-1	0.9894891224639435	10986.390848554862	11104.34710485647	117.95625630160866	93.35656190036211	4091.0	16364.0	2.0	2342.119070289409	2.0
0	chr20_30_35mb_illumina30x_phase7a	33290786	phase6_comp_510	0	-1	1	1	-1	0.804839629292551	7523.3352072145635	9931.579980710414	2408.2447734958505	4.1226944185908065	4091.0	16364.0	2.0	1268.375912117067	3.0
1	chr20_30_35mb_illumina30x_phase7a	33296263	phase6_comp_511	1	1	-1	-1	-1	0.9932176939420961	11693.76245171885	11774.163739922931	80.40128820408086	144.65574193864677	4091.0	16364.0	2.0	7527.502251420966	3.0
1	chr20_30_35mb_illumina30x_phase7a	33299612	phase6_comp_512	1	1	1	1	1	0.9344903446590171	4140.943506116016	4453.115899825975	312.1723937099599	14.22256874899098	4091.0	8182.0	1.0	286.45542507975006	3.0
1	chr20_30_35mb_illumina30x_phase7a	33301865	phase6_comp_511	1	1	-1	-1	-1	0.8910421601103631	7355.200158266559	8379.906446936891	1024.7062886703322	8.170863861818987	4091.0	16364.0	2.0	5649.853759779606	3.0
1	chr20_30_35mb_illumina30x_phase7a	33323060	phase6_comp_512	0	1	1	1	1	0.6064531899291089	350.31975224225243	997.8683183846772	647.5485661424248	1.5401596280228615	4091.0	8182.0	1.0	350.31975224225243	1.0
1	chr20_30_35mb_illumina30x_phase7a	33790487	phase6_comp_514	0	1	-1	-1	-1	0.7675954925976836	3420.459618159372	4905.7802880463305	1485.3206698869585	3.3012931781534824	4091.0	16364.0	2.0	3297.40676028069	2.0
0	chr20_30_35mb_illumina30x_phase7a	33791457	phase6_comp_514	0	-1	-1	-1	1	0.5795028980672128	1099.5495296235144	4007.3516467700156	2907.802117146501	1.3780076764734202	4091.0	16364.0	2.0	1034.5397181589506	2.0
1	chr20_30_35mb_illumina30x_phase7a	33797038	phase6_comp_514	1	1	-1	-1	-1	0.9140202630501693	10842.227040465523	11968.031635175186	1125.804594709663	10.622100487848273	4091.0	16364.0	2.0	7528.411232567647	2.0
1	chr20_30_35mb_illumina30x_phase7a	33801260	phase6_comp_514	1	1	-1	-1	-1	0.9706048858629958	9668.80706763472	9970.775551026685	301.9684833919659	32.91357384565208	4091.0	16364.0	2.0	3037.373185876211	3.0
1	chr20_30_35mb_illumina30x_phase7a	33807579	phase6_comp_516	1	1	-1	-1	-1	0.9616611716108587	10952.135285732586	11406.897415444779	454.762129712194	25.03037587315267	4091.0	16364.0	2.0	7680.618892289558	3.0
1	chr20_30_35mb_illumina30x_phase7a	33807921	phase6_comp_516	1	1	-1	-1	-1	0.9617936359781925	10435.722547263089	10867.420803159092	431.69825589600254	25.117782785265668	4091.0	16364.0	2.0	7271.992592799078	3.0
1	chr20_30_35mb_illumina30x_phase7a	33815835	phase6_comp_517	0	1	1	1	1	0.6939145307143886	2601.725590274161	4655.079702824844	2053.3541125506836	2.266444560058763	4091.0	16364.0	2.0	2282.564844270625	3.0
1	chr20_30_35mb_illumina30x_phase7a	33828945	phase6_comp_518	0	1	-1	-1	-1	0.6985467728253824	6955.818960267758	12236.323003159572	5280.504042891815	2.3170147942288035	4091.0	32728.0	4.0	1132.829017250041	2.0
1	chr20_30_35mb_illumina30x_phase7a	33830562	phase6_comp_518	0	1	-1	-1	-1	0.7998122966066189	12710.106300838142	16953.439578106994	4243.333277268851	3.9946060948863233	4091.0	32728.0	4.0	7256.621009632526	2.0
1	chr20_30_35mb_illumina30x_phase7a	33834791	phase6_comp_518	0	1	-1	-1	-1	0.7986775207590293	15158.681109892077	20267.507604954786	5108.826495062709	3.9665745254831877	4091.0	32728.0	4.0	15158.681109892077	1.0
1	chr20_30_35mb_illumina30x_phase7a	33836254	phase6_comp_518	0	1	-1	-1	-1	0.6931508651032714	7984.079482308145	14326.033686818415	6341.95420451027	2.2587320079705013	4091.0	32728.0	4.0	7984.079482308145	1.0
1	chr20_30_35mb_illumina30x_phase7a	33844844	phase6_comp_518	0	-1	1	-1	1	0.56084752922631	1205.3555396731508	5555.038017654028	4349.682477980878	1.277049760761339	4091.0	32728.0	4.0	860.9109621241223	3.0
1	chr20_30_35mb_illumina30x_phase7a	33847129	phase6_comp_518	0	1	-1	-1	-1	0.6782553711085794	3101.845300113643	5901.205731042132	2799.360430928489	2.107659309085864	4091.0	32728.0	4.0	46.57601507575009	3.0
1	chr20_30_35mb_illumina30x_phase7a	33849748	phase6_comp_518	0	-1	1	-1	1	0.5411752317914064	628.878633152242	4132.745891862328	3503.867258710086	1.1794300858582847	4091.0	32728.0	4.0	516.2499510606832	3.0
1	chr20_30_35mb_illumina30x_phase7a	33856168	phase6_comp_519	1	1	-1	-1	-1	0.9423241626922582	6966.911221103649	7421.128367732171	454.21714662852213	16.304588750012453	4091.0	16364.0	2.0	4373.364788745379	2.0
0	chr20_30_35mb_illumina30x_phase7a	33859889	phase6_comp_519	0	1	1	-1	-1	0.516854910243128	413.61795579210684	6341.786112537617	5928.16815674551	1.0697598625738993	4091.0	16364.0	2.0	190.0128508453181	2.0
1	chr20_30_35mb_illumina30x_phase7a	33868761	phase6_comp_521	0	1	-1	-1	-1	0.8119264698110733	14574.77068900154	18968.640463559073	4393.869774557534	4.31631457509316	4091.0	32728.0	4.0	5990.64012194126	3.0
1	chr20_30_35mb_illumina30x_phase7a	33871778	phase6_comp_522	1	1	-1	-1	-1	0.8951357044563765	10796.444590376852	12229.06829860799	1432.6237082311382	8.530877543660278	4091.0	16364.0	2.0	5738.232636387881	3.0
1	chr20_30_35mb_illumina30x_phase7a	33874995	phase6_comp_523	0	-1	-1	1	-1	0.6335822812858721	4400.581329724411	10436.003678901414	6035.422349177003	1.7290048765929011	4091.0	24546.0	3.0	660.868831096052	3.0
0	chr20_30_35mb_illumina30x_phase7a	33880728	phase6_comp_526	0	1	-1	1	1	0.6360441770039762	3541.974406924607	8279.855287579361	4737.880880654754	1.7474284532839377	4091.0	24546.0	3.0	2641.028329570746	3.0
1	chr20_30_35mb_illumina30x_phase7a	33881801	phase6_comp_525	0	-1	-1	1	-1	0.5877476727505145	2838.755109787109	9507.21345071925	6668.45834093214	1.425635031313556	4091.0	24546.0	3.0	865.8758414470149	3.0
1	chr20_30_35mb_illumina30x_phase7a	33882971	phase6_comp_526	0	1	1	1	1	0.7670842580252305	9124.644663517553	13103.301806722424	3978.657143204871	3.292821802274493	4091.0	24546.0	3.0	5738.977362804351	3.0
1	chr20_30_35mb_illumina30x_phase7a	33883508	phase6_comp_526	0	1	1	1	1	0.7826235543340803	10435.562241833924	14448.754691416307	4013.192449582383	3.5996666509896875	4091.0	24546.0	3.0	7138.987428118632	3.0
1	chr20_30_35mb_illumina30x_phase7a	33886586	phase6_comp_526	0	1	1	1	1	0.7619235049608382	10000.205560398967	14545.070462552163	4544.864902153196	3.199846624492132	4091.0	24546.0	3.0	6764.759731352497	2.0
1	chr20_30_35mb_illumina30x_phase7a	33888448	phase6_comp_526	0	1	1	1	1	0.7702461116688326	8000.621407452173	11401.547078642341	3400.925671190168	3.351791949837971	4091.0	24546.0	3.0	4697.20239309398	2.0
1	chr20_30_35mb_illumina30x_phase7a	33893855	phase6_comp_529	0	-1	1	-1	1	0.7649060709068255	7473.999522969587	10790.442796392052	3316.4432734224647	3.2529396607463252	4091.0	16364.0	2.0	2566.444915135491	3.0
1	chr20_30_35mb_illumina30x_phase7a	33909642	phase6_comp_535	1	1	-1	-1	-1	0.9857345480139442	18550.867069334105	18823.275635452497	272.40856611839314	68.85035060423486	4091.0	24546.0	3.0	8205.35965536103	3.0
1	chr20_30_35mb_illumina30x_phase7a	33912626	phase6_comp_535	1	1	-1	-1	-1	0.973007809491885	25769.99228386578	26505.274584876806	735.2823010110269	36.0001517739591	4091.0	32728.0	4.0	15732.88713698863	2.0
1	chr20_30_35mb_illumina30x_phase7a	33928110	phase6_comp_543	0	-1	-1	1	-1	0.8354168870819606	14298.337200324966	17806.30733631615	3507.9701359911833	5.074795921933971	4091.0	24546.0	3.0	1601.1136622721024	2.0
1	chr20_30_35mb_illumina30x_phase7a	33933426	phase6_comp_545	1	1	-1	-1	-1	0.9990188779622959	13037.746746499208	13050.563516785764	12.816770286555965	944.617536956899	4091.0	16364.0	2.0	6590.265159112607	3.0
1	chr20_30_35mb_illumina30x_phase7a	33934193	phase6_comp_545	1	1	-1	-1	-1	0.9621089542959437	10756.18096600831	11197.162406418909	440.981440410599	25.336272934935593	4091.0	16364.0	2.0	5062.039895343021	3.0
1	chr20_30_35mb_illumina30x_phase7a	33935711	phase6_comp_545	1	1	-1	-1	-1	0.8776558079957624	7229.409019928771	8400.417364676983	1171.008344748212	7.1683938107811835	4091.0	16364.0	2.0	2488.198819234136	3.0
1	chr20_30_35mb_illumina30x_phase7a	33949027	phase6_comp_549	0	1	1	1	1	0.7780954654256896	9339.49713935402	13065.693758011661	3726.196618657641	3.5057699109841067	4091.0	32728.0	4.0	4859.645006929703	2.0
1	chr20_30_35mb_illumina30x_phase7a	33950606	phase6_comp_549	0	1	1	1	1	0.7750092663362108	7947.739839725149	11198.844504908639	3251.104665183489	3.4438757844458014	4091.0	32728.0	4.0	2602.1080223094805	2.0
1	chr20_30_35mb_illumina30x_phase7a	33979169	phase6_comp_559	1	1	1	1	1	0.9997602838142967	13496.427769379627	13499.664633422526	3.236864042899075	3186.4757747064014	4091.0	16364.0	2.0	4154.385441687413	2.0
0	chr20_30_35mb_illumina30x_phase7a	33979755	phase6_comp_559	0	1	-1	1	1	0.7753648544746852	6779.882959379741	9545.304854142429	2765.4218947626878	3.450776930378994	4091.0	16364.0	2.0	317.07578143460796	2.0
1	chr20_30_35mb_illumina30x_phase7a	33982186	phase6_comp_559	1	1	1	1	1	0.9822813261252962	8692.215738577808	8851.88865931662	159.6729207388131	55.09882199569715	4091.0	16364.0	2.0	1959.1991117789767	3.0
1	chr20_30_35mb_illumina30x_phase7a	33985140	phase6_comp_558	0	1	1	1	1	0.9409662195518623	5244.95241123859	5596.03301036096	351.0805991223704	15.897021944158972	4091.0	16364.0	2.0	0.18768334084052185	3.0
1	chr20_30_35mb_illumina30x_phase7a	33988075	phase6_comp_559	1	1	1	1	1	0.9822800855481894	5271.60652484578	5368.451096540769	96.84457169498927	54.877352964239556	4091.0	16364.0	2.0	734.8769130755991	3.0
0	chr20_30_35mb_illumina30x_phase7a	33994550	phase6_comp_561	1	1	-1	1	1	0.9069300262205829	5862.107366657868	6532.4759113118225	670.3685446539547	9.731578822596447	4091.0	16364.0	2.0	2926.4797415634566	2.0
1	chr20_30_35mb_illumina30x_phase7a	33997974	phase6_comp_561	1	1	1	1	1	0.9900393682190238	10105.408775378295	10208.110989053095	102.70221367480079	98.44641331445239	4091.0	16364.0	2.0	8488.865896202795	2.0
0	chr20_30_35mb_illumina30x_phase7a	34004827	phase6_comp_561	1	1	-1	1	1	0.9069296164349635	7467.44067241662	8321.393714369817	853.953041953197	9.734328443766637	4091.0	16364.0	2.0	7467.44067241662	1.0
1	chr20_30_35mb_illumina30x_phase7a	34006908	phase6_comp_561	1	1	1	1	1	0.9996942651020598	7434.716384485903	7436.99082749413	2.2744430082267826	2271.528564951889	4091.0	16364.0	2.0	7434.716384485903	1.0
1	chr20_30_35mb_illumina30x_phase7a	34016024	phase6_comp_561	1	1	1	1	1	0.9992054714333165	4061.2597845126115	4064.491707137832	3.2319226252201516	960.6725044804754	4091.0	16364.0	2.0	4061.2597845126115	1.0
0	chr20_30_35mb_illumina30x_phase7a	34018493	phase6_comp_561	0	1	-1	1	1	0.795710004681997	2142.718871966799	2882.8629681948414	740.1440962280426	3.891096188813876	4091.0	16364.0	2.0	2142.718871966799	1.0
1	chr20_30_35mb_illumina30x_phase7a	34019332	phase6_comp_561	1	1	1	1	1	0.9836836085157165	3379.2356754365696	3436.2325750909527	56.996899654383185	59.26579861292947	4091.0	16364.0	2.0	3379.2356754365696	1.0
1	chr20_30_35mb_illumina30x_phase7a	34041516	phase6_comp_562	1	-1	1	-1	1	0.9924223906135422	1633.6212139643153	1646.1906499615582	12.569435997242845	121.38976522651704	4091.0	8182.0	1.0	1633.6212139643153	1.0
1	chr20_30_35mb_illumina30x_phase7a	34051022	phase6_comp_562	1	-1	1	-1	1	0.9946223417257392	2670.053440654349	2684.568186316419	14.514745662070316	173.0977899871065	4091.0	8182.0	1.0	983.7475741448104	2.0
1	chr20_30_35mb_illumina30x_phase7a	34054109	phase6_comp_562	1	-1	1	-1	1	0.9852114397457821	3289.146644572992	3339.2709196351293	50.12427506213739	65.33629896121367	4091.0	8182.0	1.0	1311.8794136181243	2.0
1	chr20_30_35mb_illumina30x_phase7a	34071524	phase6_comp_563	1	-1	1	-1	1	0.9854558787582505	5893.175074184282	5981.454005935024	88.27893175074202	67.00857513212016	4091.0	8182.0	1.0	3229.1151198017915	2.0
1	chr20_30_35mb_illumina30x_phase7a	34074145	phase6_comp_563	1	-1	1	-1	1	0.985211439745781	4240.999893173095	4305.6297404116385	64.62984723854298	65.61998727131653	4091.0	8182.0	1.0	1964.4775732355633	2.0
1	chr20_30_35mb_illumina30x_phase7a	34075112	phase6_comp_563	1	-1	1	-1	1	0.9902224395013466	3883.6173508916613	3922.3470178165257	38.72966692486444	98.75106743875408	4091.0	8182.0	1.0	1745.023361560679	2.0
1	chr20_30_35mb_illumina30x_phase7a	34081584	phase6_comp_563	1	-1	1	-1	1	0.9902224395013451	2387.5000000001955	2411.3095238097194	23.8095238095238	97.23320537428815	4091.0	8182.0	1.0	2387.5000000001955	1.0
1	chr20_30_35mb_illumina30x_phase7a	34082694	phase6_comp_563	1	-1	1	-1	1	0.8996577853825527	1825.7956448912666	2054.9972082636864	229.20156337241966	8.931291248172359	4091.0	8182.0	1.0	1825.7956448912666	1.0
1	chr20_30_35mb_illumina30x_phase7a	34128589	phase6_comp_566	0	1	1	1	1	0.6465752744081279	3931.2694700965694	8670.84044926418	4739.570979167611	1.8292818496701118	4091.0	24546.0	3.0	1603.0671611354169	2.0
1	chr20_30_35mb_illumina30x_phase7a	34141299	phase6_comp_567	1	1	1	1	1	0.9784042718608678	21398.282907404566	21881.25466110051	482.9717536959434	45.213908650644306	4091.0	32728.0	4.0	18722.785227416323	3.0
1	chr20_30_35mb_illumina30x_phase7a	34161970	phase6_comp_570	1	1	-1	-1	-1	0.9880224883891496	5112.405233267467	5175.141986693475	62.73675342600746	81.2112589434368	4091.0	16364.0	2.0	3638.605475915778	4.0
0	chr20_30_35mb_illumina30x_phase7a	34163252	phase6_comp_570	0	1	1	-1	-1	0.8339028173933496	3810.6383774065825	4758.423579342135	947.7852019355522	5.016334118231143	4091.0	16364.0	2.0	1746.7364893962372	4.0
0	chr20_30_35mb_illumina30x_phase7a	34164506	phase6_comp_570	0	1	1	-1	-1	0.8340249531779748	4177.386980304846	5215.2465669214025	1037.859586616557	5.021127623137311	4091.0	16364.0	2.0	2096.601739542162	4.0
0	chr20_30_35mb_illumina30x_phase7a	34170478	phase6_comp_570	0	1	1	-1	-1	0.8378129541405797	7772.7126852621	9638.587414583602	1865.8747293215017	5.163489152851205	4091.0	16364.0	2.0	4768.338102329926	3.0
0	chr20_30_35mb_illumina30x_phase7a	34174323	phase6_comp_570	0	1	1	-1	-1	0.8339055520554957	8118.989278005568	10138.30137643626	2019.3120984306925	5.018680719831413	4091.0	16364.0	2.0	2505.9504855802106	4.0
0	chr20_30_35mb_illumina30x_phase7a	34176021	phase6_comp_570	0	1	1	-1	-1	0.8339051771788499	6482.985155919398	8095.404406082471	1612.4192501630735	5.018165244566247	4091.0	16364.0	2.0	128.010805605506	4.0
0	chr20_30_35mb_illumina30x_phase7a	34193016	phase6_comp_574	0	1	-1	1	1	0.8271205598867535	6009.543938983752	7597.531242299589	1587.9873033158378	4.78199619747953	4091.0	16364.0	2.0	3522.545424868219	2.0
1	chr20_30_35mb_illumina30x_phase7a	34433151	phase6_comp_576	0	-1	1	-1	1	0.5279217963667558	646.1840467074453	6108.751712112159	5462.567665404714	1.1182714457439742	4091.0	16364.0	2.0	646.1840467074453	1.0
1	chr20_30_35mb_illumina30x_phase7a	34437762	phase6_comp_576	0	1	-1	-1	-1	0.5195086396144484	424.27129114400304	5649.102286108291	5224.830994964288	1.0811873349047911	4091.0	16364.0	2.0	424.27129114400304	1.0
1	chr20_30_35mb_illumina30x_phase7a	34444884	phase6_comp_576	0	-1	1	-1	1	0.5417093998459864	465.88932838238	3025.4166855022986	2559.5273571199186	1.181950537293385	4091.0	16364.0	2.0	465.88932838238	1.0
1	chr20_30_35mb_illumina30x_phase7a	34449603	phase6_comp_576	0	1	-1	-1	-1	0.5286638714760644	242.15505698125048	2233.1008221990555	1990.945765217805	1.12156709344683	4091.0	16364.0	2.0	242.15505698125048	1.0
0	chr20_30_35mb_illumina30x_phase7a	34677808	phase6_comp_578	0	1	-1	1	1	0.6797491913542797	2699.365662378347	5104.033048345349	2404.667385967002	2.1220859866682225	4091.0	32728.0	4.0	2699.365662378347	1.0
1	chr20_30_35mb_illumina30x_phase7a	34678525	phase6_comp_578	0	1	1	1	1	0.613809021709128	1767.2622032783806	4765.709553633822	2998.4473503554414	1.5891959407352012	4091.0	32728.0	4.0	1767.2622032783806	1.0
0	chr20_30_35mb_illumina30x_phase7a	34682372	phase6_comp_578	0	1	-1	1	1	0.6089049195081133	2068.7418836169754	5783.3342874516	3714.5924038346247	1.5567730953163645	4091.0	32728.0	4.0	2068.7418836169754	1.0
1	chr20_30_35mb_illumina30x_phase7a	34690297	phase6_comp_578	1	1	1	1	1	0.9726275613682649	16627.86409108129	17109.369219656845	481.50512857555583	35.46152819177241	4091.0	32728.0	4.0	16627.86409108129	1.0
1	chr20_30_35mb_illumina30x_phase7a	34691800	phase6_comp_578	1	1	1	1	1	0.97302615982084	19850.407054349493	20416.381785618156	565.9747312686649	36.011096543812705	4091.0	32728.0	4.0	19850.407054349493	1.0
1	chr20_30_35mb_illumina30x_phase7a	34693032	phase6_comp_578	1	1	1	1	1	0.9766980566153161	23760.067226598596	24340.78675507915	580.7195284805523	41.84454116343617	4091.0	32728.0	4.0	23760.067226598596	1.0
1	chr20_30_35mb_illumina30x_phase7a	34710007	phase6_comp_586	1	1	1	1	1	0.9930165764254786	4027.6101673503385	4056.135078211939	28.52491086160053	137.41396535386536	4091.0	16364.0	2.0	1787.3698784931503	3.0
1	chr20_30_35mb_illumina30x_phase7a	34716170	phase6_comp_586	1	1	1	1	1	0.9978995868504857	5875.479136447079	5887.872130901999	12.392994454919535	439.6979443785919	4091.0	16364.0	2.0	2385.206685366469	3.0
1	chr20_30_35mb_illumina30x_phase7a	34719100	phase6_comp_585	0	1	1	1	1	0.7215508876158809	4109.049561991822	6691.212999907476	2582.163437915654	2.5907044446662657	4091.0	16364.0	2.0	2062.727608731848	3.0
1	chr20_30_35mb_illumina30x_phase7a	34729858	phase6_comp_586	0	1	1	1	1	0.7508788595918318	8740.589232371833	13080.264486298092	4339.675253926259	3.0136473523251324	4091.0	32728.0	4.0	6827.86762748451	3.0
1	chr20_30_35mb_illumina30x_phase7a	34737476	phase6_comp_587	1	-1	-1	1	-1	0.9173189241976647	8310.714598937016	9133.992413437492	823.2778145004766	11.082419364851425	4091.0	16364.0	2.0	6424.117695712749	4.0
1	chr20_30_35mb_illumina30x_phase7a	34739072	phase6_comp_587	1	1	1	1	1	0.9938282667669908	8234.85365091	8286.312147078132	51.45849616813183	157.97845444362196	4091.0	16364.0	2.0	4796.6512978534165	4.0
1	chr20_30_35mb_illumina30x_phase7a	34740220	phase6_comp_586	1	1	1	1	1	0.9890364730490341	4131.306732294636	4177.615847461265	46.3091151666286	88.32580852006339	4091.0	16364.0	2.0	234.8913504003849	4.0
1	chr20_30_35mb_illumina30x_phase7a	34743581	phase6_comp_588	0	1	1	1	1	0.7350136287716836	5707.6133416685225	8925.383637986966	3217.7702963184443	2.7732279150819674	4091.0	16364.0	2.0	73.72993105527894	4.0
1	chr20_30_35mb_illumina30x_phase7a	34746736	phase6_comp_589	0	1	1	1	1	0.7408239588121008	6512.938942432256	10017.568921783955	3504.6299793516996	2.857851222403313	4091.0	16364.0	2.0	341.417488524723	4.0
1	chr20_30_35mb_illumina30x_phase7a	34749948	phase6_comp_591	1	1	1	1	1	0.9995268982211262	10363.730041156954	10368.63778399893	4.907742841976521	1755.2622145837374	4091.0	16364.0	2.0	4712.611722237669	4.0
0	chr20_30_35mb_illumina30x_phase7a	34751242	phase6_comp_591	0	-1	1	1	-1	0.7919949774589268	7250.1349251747215	9832.481532059288	2582.346606884567	3.8064894218426817	4091.0	16364.0	2.0	4189.75353949205	4.0
1	chr20_30_35mb_illumina30x_phase7a	34756792	phase6_comp_592	0	1	1	1	1	0.6483114983108108	5285.447995668284	11552.093898122943	6266.645902454658	1.843290779014541	4091.0	24546.0	3.0	739.3366599155925	3.0
1	chr20_30_35mb_illumina30x_phase7a	34759525	phase6_comp_593	1	1	1	1	1	0.9649852090122231	5359.224153542503	5561.007038197661	201.7828846551581	27.428385031883323	4091.0	16364.0	2.0	1501.5992536306658	3.0
1	chr20_30_35mb_illumina30x_phase7a	34761232	phase6_comp_592	0	-1	-1	1	-1	0.6444528278619922	3128.3519115432864	6978.31695571811	3849.9650441748236	1.8123553124106904	4091.0	24546.0	3.0	72.5636722655081	3.0
1	chr20_30_35mb_illumina30x_phase7a	34762137	phase6_comp_592	0	1	1	1	1	0.8294400028780663	6606.5934817843445	8316.799521419409	1710.2060396350641	4.860782003313454	4091.0	24546.0	3.0	3985.80584268452	3.0
1	chr20_30_35mb_illumina30x_phase7a	34763184	phase6_comp_592	0	1	1	1	1	0.8290497687490096	6078.458477733928	7657.420053012782	1578.9615752788545	4.847219181049459	4091.0	24546.0	3.0	3234.951621430144	3.0
1	chr20_30_35mb_illumina30x_phase7a	34772982	phase6_comp_594	0	1	1	1	1	0.6383560725256986	4858.504225184085	11208.23834805644	6349.734122872355	1.7650303305386443	4091.0	24546.0	3.0	618.2422193949651	4.0
1	chr20_30_35mb_illumina30x_phase7a	34783142	phase6_comp_597	0	1	1	1	1	0.7375232132480118	8566.401822899872	13299.584726907999	4733.182904008126	2.8094784245972533	4091.0	32728.0	4.0	6690.185207807661	3.0
1	chr20_30_35mb_illumina30x_phase7a	34785053	phase6_comp_598	1	1	1	1	1	0.9975787657794909	13352.369589051696	13384.856118217838	32.48652916614323	399.7385352122935	4091.0	16364.0	2.0	6806.421330722721	3.0
1	chr20_30_35mb_illumina30x_phase7a	34787094	phase6_comp_597	1	1	1	1	1	0.9955935622039087	6365.846276014349	6394.1463870065045	28.30011099215538	218.26355499877457	4091.0	16364.0	2.0	1492.315654829039	3.0
1	chr20_30_35mb_illumina30x_phase7a	34788520	phase6_comp_598	1	1	1	1	1	0.9989192065427686	11088.802429519781	11100.813096735224	12.010667215443343	853.285455150036	4091.0	16364.0	2.0	8605.93728524484	3.0
1	chr20_30_35mb_illumina30x_phase7a	34790930	phase6_comp_598	1	1	1	1	1	0.9988855713981023	8353.074204265475	8362.403903640143	9.329699374667154	809.6463992118483	4091.0	16364.0	2.0	5325.977428314657	3.0
1	chr20_30_35mb_illumina30x_phase7a	34803165	phase6_comp_601	0	1	-1	-1	-1	0.8325592764605112	3779.4317519924607	4730.887374967511	951.4556229750505	4.9680922247980295	4091.0	16364.0	2.0	195.45057767496837	4.0
1	chr20_30_35mb_illumina30x_phase7a	34804936	phase6_comp_599	0	-1	-1	1	-1	0.8234830497070068	6551.227147027503	8338.650997701236	1787.4238506737329	4.663128930292186	4091.0	24546.0	3.0	155.9093669145368	4.0
1	chr20_30_35mb_illumina30x_phase7a	34805736	phase6_comp_601	1	1	-1	-1	-1	0.9259349792227024	5892.802818900483	6405.146937731565	512.3441188310828	12.479244823762214	4091.0	16364.0	2.0	1281.7722768042795	4.0
1	chr20_30_35mb_illumina30x_phase7a	34807137	phase6_comp_600	0	-1	1	-1	1	0.7604497677829483	2330.7448321122192	3402.6030843270432	1071.858252214824	3.1724629766333026	4091.0	8182.0	1.0	108.00234157839941	3.0
1	chr20_30_35mb_illumina30x_phase7a	34809500	phase6_comp_601	1	1	-1	-1	-1	0.9934001466634067	10012.422965433821	10079.387399435987	66.96443400216562	148.31856613585256	4091.0	16364.0	2.0	5286.1022433840135	3.0
1	chr20_30_35mb_illumina30x_phase7a	34810705	phase6_comp_601	1	1	-1	-1	-1	0.9715228550476694	11249.48770597583	11589.1884104201	339.70070444427023	34.01868049942924	4091.0	16364.0	2.0	6781.326270998888	3.0
1	chr20_30_35mb_illumina30x_phase7a	34818153	phase6_comp_602	0	-1	-1	1	-1	0.71879079324318	4976.192991571266	8174.113852604167	3197.920861032901	2.555584901204621	4091.0	16364.0	2.0	103.29631910263743	3.0
1	chr20_30_35mb_illumina30x_phase7a	34821547	phase6_comp_604	1	1	1	1	1	0.9382791493522513	11075.169261648121	11855.00201082977	779.8327491816486	15.183791949371292	4091.0	16364.0	2.0	11057.984344524419	2.0
1	chr20_30_35mb_illumina30x_phase7a	34823245	phase6_comp_605	1	1	-1	-1	-1	0.9990806949352194	7002.0788935232285	7008.52779713354	6.448903610311421	941.0147001271894	4091.0	16364.0	2.0	6175.130198635892	2.0
1	chr20_30_35mb_illumina30x_phase7a	34824219	phase6_comp_604	1	1	1	1	1	0.9957223172818376	8866.55338081053	8904.808973553185	38.25559274265419	226.86726530755823	4091.0	16364.0	2.0	8287.42025239307	2.0
1	chr20_30_35mb_illumina30x_phase7a	34831877	phase6_comp_604	1	1	1	1	1	0.9982889269127354	4851.1571873471485	4859.486375552061	8.329188204912498	520.9977833861965	4091.0	16364.0	2.0	3518.018713674296	3.0
1	chr20_30_35mb_illumina30x_phase7a	34845826	phase6_comp_606	0	-1	1	-1	1	0.7479903392290415	5925.25106058902	8935.893560623423	3010.6425000344025	2.9674483477110365	4091.0	16364.0	2.0	5633.114059960023	3.0
1	chr20_30_35mb_illumina30x_phase7a	34846449	phase6_comp_606	0	-1	1	-1	1	0.7565679180571249	6745.370952477117	9945.380733265256	3200.0097807881393	3.107263461974271	4091.0	16364.0	2.0	6444.050797027214	3.0
1	chr20_30_35mb_illumina30x_phase7a	34849049	phase6_comp_606	0	-1	1	-1	1	0.6910218988597641	4929.97902055852	8917.101872770474	3987.122852211954	2.2361652845834925	4091.0	16364.0	2.0	2655.748402250587	4.0
1	chr20_30_35mb_illumina30x_phase7a	34849818	phase6_comp_606	0	-1	1	-1	1	0.6894995866624919	4360.538513324436	7932.97113602142	3572.432622696983	2.220266050527462	4091.0	16364.0	2.0	1995.5707335942834	4.0
1	chr20_30_35mb_illumina30x_phase7a	34853454	phase6_comp_608	1	1	1	1	1	0.9942556832070394	3010.2724430546577	3027.765371445308	17.492928390650576	163.779651738475	4091.0	8182.0	1.0	227.98160517692577	3.0
1	chr20_30_35mb_illumina30x_phase7a	34854335	phase6_comp_606	0	-1	1	-1	1	0.7761034792378685	3883.421180489181	5457.9839012588445	1574.5627207696632	3.4647836162257812	4091.0	16364.0	2.0	1224.2958717983379	3.0
1	chr20_30_35mb_illumina30x_phase7a	34856063	phase6_comp_608	1	1	1	1	1	0.9993889024688339	3774.5958429555526	3776.9053117777235	2.3094688221709005	1141.544312630673	4091.0	8182.0	1.0	1495.9344511034824	3.0
1	chr20_30_35mb_illumina30x_phase7a	34859359	phase6_comp_607	1	1	-1	-1	-1	0.9191474966646805	11321.390304971093	12413.324235958426	1091.9339309873324	11.358714268065224	4091.0	16364.0	2.0	8727.722099099166	3.0
1	chr20_30_35mb_illumina30x_phase7a	34863345	phase6_comp_610	1	1	-1	-1	-1	0.8628697140063731	3725.687037270034	4429.664951688396	703.9779144183622	6.2848280223698785	4091.0	8182.0	1.0	731.4856666842475	4.0
1	chr20_30_35mb_illumina30x_phase7a	34867205	phase6_comp_610	1	1	-1	-1	-1	0.9842525649217436	13596.166730099747	13817.23396691448	221.06723681473414	62.22545101708422	4091.0	16364.0	2.0	4616.311889284887	4.0
1	chr20_30_35mb_illumina30x_phase7a	34869118	phase6_comp_611	0	-1	-1	1	-1	0.8227581825860566	11513.759346180545	14675.1348617954	3161.375515614856	4.640857731578389	4091.0	24546.0	3.0	1304.5610717938562	4.0
1	chr20_30_35mb_illumina30x_phase7a	34872563	phase6_comp_611	0	-1	-1	1	-1	0.8436911276140613	12964.507747755248	15912.601871043114	2948.0941232878668	5.396098329103672	4091.0	24546.0	3.0	8538.478046798964	4.0
1	chr20_30_35mb_illumina30x_phase7a	34875148	phase6_comp_611	0	-1	-1	1	-1	0.6959623922039516	5285.561983439504	9385.86307496261	4100.301091523106	2.2887524874396865	4091.0	24546.0	3.0	2186.206903526042	4.0
0	chr20_30_35mb_illumina30x_phase7a	34875867	phase6_comp_613	1	1	1	-1	-1	0.9805670985089248	3939.8797595196065	4019.539078156881	79.65931863727442	49.84593406048067	4091.0	8182.0	1.0	1905.488787435057	4.0
0	chr20_30_35mb_illumina30x_phase7a	34935352	phase6_comp_614	0	1	1	-1	-1	0.6490596123795452	1315.5142422152344	2864.1130568549647	1548.5988146397303	1.8489385960979077	4091.0	16364.0	2.0	11.31242162090598	2.0
1	chr20_30_35mb_illumina30x_phase7a	34937604	phase6_comp_614	1	1	-1	-1	-1	0.8597570250410237	3614.002950978328	4318.4207803423615	704.4178293640332	6.123208969975311	4091.0	16364.0	2.0	2520.897463738389	2.0
1	chr20_30_35mb_illumina30x_phase7a	34944635	phase6_comp_614	1	1	-1	-1	-1	0.8797174175743001	6712.598447930932	7775.768898817465	1063.170450886533	7.30782262591377	4091.0	16364.0	2.0	6266.799318223953	2.0
1	chr20_30_35mb_illumina30x_phase7a	34959830	phase6_comp_620	0	1	1	1	1	0.7615866477550551	5688.744865152197	8281.141581511245	2592.3967163590482	3.1935498064248367	4091.0	16364.0	2.0	1859.204919133701	4.0
1	chr20_30_35mb_illumina30x_phase7a	34963415	phase6_comp_621	0	-1	-1	1	-1	0.8303277828133064	15999.594041260088	20108.67407677422	4109.080035514131	4.892769460208016	4091.0	32728.0	4.0	9174.338064982274	3.0
1	chr20_30_35mb_illumina30x_phase7a	34975296	phase6_comp_625	1	1	-1	-1	-1	0.993889024688341	5340.99920697921	5374.041765794965	33.04255881575472	157.89182578447728	4091.0	8182.0	1.0	2463.4952552855266	4.0
1	chr20_30_35mb_illumina30x_phase7a	34976886	phase6_comp_625	1	1	-1	-1	-1	0.9552676607186514	6233.266398929169	6539.491298527562	306.2248995983941	21.28893623881829	4091.0	8182.0	1.0	151.69551256150316	4.0
1	chr20_30_35mb_illumina30x_phase7a	34978919	phase6_comp_624	0	1	1	1	1	0.794689004674367	6069.456183710665	8183.763250477426	2114.3070667667603	3.8693026554238332	4091.0	16364.0	2.0	4362.10349796132	4.0
1	chr20_30_35mb_illumina30x_phase7a	34980057	phase6_comp_626	0	1	1	1	1	0.8073577477442504	5605.140913769883	7361.704686383745	1756.563772613862	4.189153646148427	4091.0	16364.0	2.0	356.7097533460055	4.0
1	chr20_30_35mb_illumina30x_phase7a	34981708	phase6_comp_626	1	1	1	1	1	0.9782676260372121	10688.824266810632	10931.67315887716	242.8488920665281	44.83380287778569	4091.0	16364.0	2.0	6271.008304794194	4.0
1	chr20_30_35mb_illumina30x_phase7a	34992434	phase6_comp_629	1	1	1	1	1	0.860103248720218	13670.42654879846	16325.843112773506	2655.416563975047	6.146190824959361	4091.0	24546.0	3.0	4537.105843938189	4.0
1	chr20_30_35mb_illumina30x_phase7a	34998390	phase6_comp_631	0	1	1	1	1	0.7179400200953534	4967.7231497590155	8182.359661171245	3214.636511412229	2.54486464254547	4091.0	16364.0	2.0	3514.029241496507	2.0
1	chr20_30_35mb_illumina30x_phase7a	34999395	phase6_comp_631	0	1	1	1	1	0.7190234769570716	4378.604820112718	7187.17396353704	2808.569143424323	2.558461314383615	4091.0	16364.0	2.0	3100.4144018361258	2.0
