label	method	n_truth_het_sites_in_bed	n_pred_sites_nonzero	n_exact_overlap_sites_phased	hamming_errors	hamming_denominator	hamming_error_rate	switch_errors	switch_denominator	switch_error_rate	phased_site_accuracy_pct	truth_correct_pct	raw_block_n50_bp	median_block_span_bp	max_block_span_bp	path
chr1_15_20mb	AWPhase_Phase6C_read_backbone	5574	4590	3876	41	3876	0.010577915376676987	4	3141	0.0012734797835084368	98.9422084623323	68.80157875852171	1756	573	11481	results/phase7a_windows/chr1_15_20mb_illumina30x_phase7a/truth_eval_phase6c.metrics.json
chr1_15_20mb	AWPhase_Phase7A_hand_panel_fill	5574	4858	4125	53	4125	0.012848484848484849	17	3389	0.005016228976099144	98.71515151515152	73.05346250448511	3906	772	24499	results/phase7a_windows/chr1_15_20mb_illumina30x_phase7a/truth_eval_phase7a.metrics.json
chr1_15_20mb	AWPhase_Phase8F_t0.80	5574	4798	4084	49	4084	0.011998041136141039	13	3349	0.003881755747984473	98.8001958863859	72.38966630785791	3342	677	24499	results/phase8/gated_eval_phase8f/chr1_15_20mb_illumina30x_phase7a/t0.80/truth_eval_phase8f_xgb.metrics.json
chr1_15_20mb	AWPhase_Phase9A_bridge_t0.995_on_Phase8F_t0.80	5574	4798	4084	49	4084	0.011998041136141039	13	3413	0.003808965719308526	98.8001958863859	72.38966630785791	4765	695	42159	results/phase9/gated_eval_phase9a_bridge_on_phase8f_t080/chr1_15_20mb_illumina30x_phase7a/t0.995/truth_eval_phase9a_bridge.metrics.json
chr1_15_20mb	WhatsHap_Illumina30x	5574	5713	4890	171	4890	0.03496932515337423	62	4051	0.015304862996790916	96.50306748466258	84.66092572658773	1976	602	21949	baselines/whatshap/chr1_15_20mb_whatshap_illumina30x/truth_eval.metrics.json
chr1_15_20mb	WhatsHap_GIAB_CCS_HiFi30x	5574	6624	5566	366	5566	0.06575637800934243	49	5546	0.008835196538045438	93.42436219906575	93.2902762827413	607874	64921	1294946	baselines/whatshap/chr1_15_20mb_whatshap_hifi30x/truth_eval.metrics.json
chr1_20_25mb	AWPhase_Phase6C_read_backbone	5409	3477	3402	3	3402	0.0008818342151675485	4	2605	0.0015355086372360845	99.91181657848325	62.839711591791456	1325	523	8333	results/phase7a_windows/chr1_20_25mb_illumina30x_phase7a/truth_eval_phase6c.metrics.json
chr1_20_25mb	AWPhase_Phase7A_hand_panel_fill	5409	3805	3727	13	3727	0.00348806010195868	18	2930	0.0061433447098976105	99.65119398980413	68.66333887964502	4087	847	32791	results/phase7a_windows/chr1_20_25mb_illumina30x_phase7a/truth_eval_phase7a.metrics.json
chr1_20_25mb	AWPhase_Phase8F_t0.80	5409	3715	3640	6	3640	0.0016483516483516484	9	2843	0.0031656700668308124	99.83516483516483	67.18432242558698	2928	722	16188	results/phase8/gated_eval_phase8f/chr1_20_25mb_illumina30x_phase7a/t0.80/truth_eval_phase8f_xgb.metrics.json
chr1_20_25mb	AWPhase_Phase9A_bridge_t0.995_on_Phase8F_t0.80	5409	3715	3640	6	3640	0.0016483516483516484	9	2901	0.0031023784901758012	99.83516483516483	67.18432242558698	4383	721	27296	results/phase9/gated_eval_phase9a_bridge_on_phase8f_t080/chr1_20_25mb_illumina30x_phase7a/t0.995/truth_eval_phase9a_bridge.metrics.json
chr1_20_25mb	WhatsHap_Illumina30x	5409	4695	4567	107	4567	0.02342894679220495	90	3638	0.02473886750962067	97.65710532077951	82.45516731373637	1623	590	9023	baselines/whatshap/chr1_20_25mb_whatshap_illumina30x/truth_eval.metrics.json
chr1_55_60mb	AWPhase_Phase6C_read_backbone	5542	3924	3833	15	3833	0.003913383772501957	10	2915	0.003430531732418525	99.6086616227498	68.89209671598701	1336	561	7554	results/phase7a_windows/chr1_55_60mb_illumina30x_phase7a/truth_eval_phase6c.metrics.json
chr1_55_60mb	AWPhase_Phase7A_hand_panel_fill	5542	4264	4172	21	4172	0.0050335570469798654	18	3254	0.005531653349723417	99.49664429530202	74.90075784915193	3331	771	21501	results/phase7a_windows/chr1_55_60mb_illumina30x_phase7a/truth_eval_phase7a.metrics.json
chr1_55_60mb	AWPhase_Phase8F_t0.80	5542	4192	4101	16	4101	0.003901487442087296	11	3183	0.0034558592522777255	99.60985125579127	73.7098520389751	2674	682	17905	results/phase8/gated_eval_phase8f/chr1_55_60mb_illumina30x_phase7a/t0.80/truth_eval_phase8f_xgb.metrics.json
chr1_55_60mb	AWPhase_Phase9A_bridge_t0.995_on_Phase8F_t0.80	5542	4192	4101	16	4101	0.003901487442087296	11	3314	0.0033192516596258297	99.60985125579127	73.7098520389751	5502	688	26473	results/phase9/gated_eval_phase9a_bridge_on_phase8f_t080/chr1_55_60mb_illumina30x_phase7a/t0.995/truth_eval_phase9a_bridge.metrics.json
chr1_55_60mb	WhatsHap_Illumina30x	5542	4836	4687	63	4687	0.013441433752933647	56	3664	0.015283842794759825	98.65585662470664	83.43558282208589	1497	610	9822	baselines/whatshap/chr1_55_60mb_whatshap_illumina30x/truth_eval.metrics.json
chr1_110_115mb	AWPhase_Phase6C_read_backbone	5275	3590	3523	2	3523	0.0005676979846721544	2	2683	0.0007454342154304882	99.94323020153278	66.74881516587678	1330	550	14835	results/phase7a_windows/chr1_110_115mb_illumina30x_phase7a/truth_eval_phase6c.metrics.json
chr1_110_115mb	AWPhase_Phase7A_hand_panel_fill	5275	3921	3854	14	3854	0.0036325895173845357	12	3013	0.003982741453700631	99.63674104826154	72.79620853080569	4501	801	22089	results/phase7a_windows/chr1_110_115mb_illumina30x_phase7a/truth_eval_phase7a.metrics.json
chr1_110_115mb	AWPhase_Phase8F_t0.80	5275	3818	3751	3	3751	0.0007997867235403892	3	2911	0.0010305736860185502	99.92002132764596	71.0521327014218	2789	711	17141	results/phase8/gated_eval_phase8f/chr1_110_115mb_illumina30x_phase7a/t0.80/truth_eval_phase8f_xgb.metrics.json
chr1_110_115mb	AWPhase_Phase9A_bridge_t0.995_on_Phase8F_t0.80	5275	3818	3751	3	3751	0.0007997867235403892	3	2953	0.001015916017609211	99.92002132764596	71.0521327014218	4161	718	28070	results/phase9/gated_eval_phase9a_bridge_on_phase8f_t080/chr1_110_115mb_illumina30x_phase7a/t0.995/truth_eval_phase9a_bridge.metrics.json
chr1_110_115mb	WhatsHap_Illumina30x	5275	4566	4460	78	4460	0.01748878923766816	61	3507	0.017393783860849728	98.25112107623319	83.07109004739337	1515	586	16117	baselines/whatshap/chr1_110_115mb_whatshap_illumina30x/truth_eval.metrics.json
chr1_200_205mb	AWPhase_Phase6C_read_backbone	5412	3530	3436	10	3436	0.002910360884749709	12	2569	0.004671078240560529	99.70896391152503	63.30376940133038	1148	531	12552	results/phase7a_windows/chr1_200_205mb_illumina30x_phase7a/truth_eval_phase6c.metrics.json
chr1_200_205mb	AWPhase_Phase7A_hand_panel_fill	5412	3801	3706	19	3706	0.005126821370750135	24	2839	0.008453680873547023	99.48731786292498	68.12638580931264	3004	702	19203	results/phase7a_windows/chr1_200_205mb_illumina30x_phase7a/truth_eval_phase7a.metrics.json
chr1_200_205mb	AWPhase_Phase8F_t0.80	5412	3734	3640	15	3640	0.004120879120879121	18	2773	0.006491164803461955	99.58791208791209	66.98078344419808	2238	652	14712	results/phase8/gated_eval_phase8f/chr1_200_205mb_illumina30x_phase7a/t0.80/truth_eval_phase8f_xgb.metrics.json
chr1_200_205mb	AWPhase_Phase9A_bridge_t0.995_on_Phase8F_t0.80	5412	3734	3640	15	3640	0.004120879120879121	18	2843	0.006331340133661625	99.58791208791209	66.98078344419808	3524	663	42524	results/phase9/gated_eval_phase9a_bridge_on_phase8f_t080/chr1_200_205mb_illumina30x_phase7a/t0.995/truth_eval_phase9a_bridge.metrics.json
chr1_200_205mb	WhatsHap_Illumina30x	5412	4774	4593	90	4593	0.019595035924232528	64	3580	0.017877094972067038	98.04049640757675	83.2039911308204	2188887	597	2188887	baselines/whatshap/chr1_200_205mb_whatshap_illumina30x/truth_eval.metrics.json
chr1_215_220mb	AWPhase_Phase6C_read_backbone	5791	4010	3937	9	3937	0.002286004572009144	5	2957	0.0016909029421711193	99.77139954279909	67.82939043343119	1197	524	6948	results/phase7a_windows/chr1_215_220mb_illumina30x_phase7a/truth_eval_phase6c.metrics.json
chr1_215_220mb	AWPhase_Phase7A_hand_panel_fill	5791	4347	4274	16	4274	0.003743565746373421	12	3293	0.0036440935317339812	99.62564342536265	73.52788810222759	3525	745	20963	results/phase7a_windows/chr1_215_220mb_illumina30x_phase7a/truth_eval_phase7a.metrics.json
chr1_215_220mb	AWPhase_Phase8F_t0.80	5791	4263	4190	13	4190	0.0031026252983293555	9	3210	0.002803738317757009	99.68973747016706	72.1291659471594	2647	674	16154	results/phase8/gated_eval_phase8f/chr1_215_220mb_illumina30x_phase7a/t0.80/truth_eval_phase8f_xgb.metrics.json
chr1_215_220mb	AWPhase_Phase9A_bridge_t0.995_on_Phase8F_t0.80	5791	4263	4190	13	4190	0.0031026252983293555	10	3300	0.0030303030303030303	99.68973747016706	72.1291659471594	4545	686	34906	results/phase9/gated_eval_phase9a_bridge_on_phase8f_t080/chr1_215_220mb_illumina30x_phase7a/t0.995/truth_eval_phase9a_bridge.metrics.json
chr1_215_220mb	WhatsHap_Illumina30x	5791	5025	4882	73	4882	0.014952888160589923	49	3798	0.012901527119536599	98.50471118394101	83.0426523916422	1408	551	11314	baselines/whatshap/chr1_215_220mb_whatshap_illumina30x/truth_eval.metrics.json
chr1_230_235mb	AWPhase_Phase6C_read_backbone	5548	3850	3795	8	3795	0.002108036890645586	10	2993	0.003341129301703976	99.78919631093545	68.25883201153569	1442	577	8579	results/phase7a_windows/chr1_230_235mb_illumina30x_phase7a/truth_eval_phase6c.metrics.json
chr1_230_235mb	AWPhase_Phase7A_hand_panel_fill	5548	4120	4064	20	4064	0.004921259842519685	23	3262	0.007050889025137952	99.50787401574803	72.89113193943764	4301	758	24933	results/phase7a_windows/chr1_230_235mb_illumina30x_phase7a/truth_eval_phase7a.metrics.json
chr1_230_235mb	AWPhase_Phase8F_t0.80	5548	4044	3989	9	3989	0.002256204562547004	11	3187	0.0034515218073423283	99.7743795437453	71.73756308579668	3022	681	19613	results/phase8/gated_eval_phase8f/chr1_230_235mb_illumina30x_phase7a/t0.80/truth_eval_phase8f_xgb.metrics.json
chr1_230_235mb	AWPhase_Phase9A_bridge_t0.995_on_Phase8F_t0.80	5548	4044	3989	9	3989	0.002256204562547004	11	3225	0.0034108527131782944	99.7743795437453	71.73756308579668	3894	677	28299	results/phase9/gated_eval_phase9a_bridge_on_phase8f_t080/chr1_230_235mb_illumina30x_phase7a/t0.995/truth_eval_phase9a_bridge.metrics.json
chr1_230_235mb	WhatsHap_Illumina30x	5548	4882	4784	67	4784	0.014005016722408026	61	3872	0.015754132231404958	98.59949832775919	85.02162941600577	1729	592	10023	baselines/whatshap/chr1_230_235mb_whatshap_illumina30x/truth_eval.metrics.json
chr20_10_15mb	AWPhase_Phase6C_read_backbone	3970	2702	2639	2	2639	0.0007578628268283441	2	2036	0.0009823182711198428	99.92421371731717	66.42317380352645	1310	504	7689	results/phase7a_windows/chr20_10_15mb_illumina30x_phase7a/truth_eval_phase6c.metrics.json
chr20_10_15mb	AWPhase_Phase7A_hand_panel_fill	3970	2940	2877	13	2877	0.0045185957594716716	14	2274	0.006156552330694811	99.54814042405283	72.14105793450881	4765	801	22454	results/phase7a_windows/chr20_10_15mb_illumina30x_phase7a/truth_eval_phase7a.metrics.json
chr20_10_15mb	AWPhase_Phase8F_t0.80	3970	2855	2792	6	2792	0.002148997134670487	7	2189	0.0031978072179077205	99.78510028653295	70.17632241813601	2563	673	16213	results/phase8/gated_eval_phase8f/chr20_10_15mb_illumina30x_phase7a/t0.80/truth_eval_phase8f_xgb.metrics.json
chr20_10_15mb	AWPhase_Phase9A_bridge_t0.995_on_Phase8F_t0.80	3970	2855	2792	6	2792	0.002148997134670487	7	2257	0.0031014621178555605	99.78510028653295	70.17632241813601	4884	609	33020	results/phase9/gated_eval_phase9a_bridge_on_phase8f_t080/chr20_10_15mb_illumina30x_phase7a/t0.995/truth_eval_phase9a_bridge.metrics.json
chr20_10_15mb	WhatsHap_Illumina30x	3970	3393	3298	34	3298	0.010309278350515464	40	2622	0.015255530129672006	98.96907216494846	82.21662468513854	1432	543	15553	baselines/whatshap/chr20_10_15mb_whatshap_illumina30x/truth_eval.metrics.json
chr20_10_15mb	WhatsHap_GIAB_CCS_HiFi30x	3970	4045	3939	149	3939	0.037826859609037825	121	3895	0.031065468549422336	96.21731403909621	95.46599496221663	181273	31995	415945	baselines/whatshap/chr20_10_15mb_whatshap_hifi30x/truth_eval.metrics.json
chr20_15_20mb	AWPhase_Phase6C_read_backbone	6250	4290	4225	9	4225	0.0021301775147928993	6	3248	0.0018472906403940886	99.7869822485207	67.456	1330	574	8928	results/phase7a_windows/chr20_15_20mb_illumina30x_phase7a/truth_eval_phase6c.metrics.json
chr20_15_20mb	AWPhase_Phase7A_hand_panel_fill	6250	4663	4596	28	4596	0.006092254134029591	26	3618	0.007186290768380321	99.39077458659705	73.088	3951	806	29039	results/phase7a_windows/chr20_15_20mb_illumina30x_phase7a/truth_eval_phase7a.metrics.json
chr20_15_20mb	AWPhase_Phase8F_t0.80	6250	4577	4512	16	4512	0.0035460992907801418	15	3535	0.004243281471004243	99.64539007092199	71.936	2799	725	21389	results/phase8/gated_eval_phase8f/chr20_15_20mb_illumina30x_phase7a/t0.80/truth_eval_phase8f_xgb.metrics.json
chr20_15_20mb	AWPhase_Phase9A_bridge_t0.995_on_Phase8F_t0.80	6250	4577	4512	16	4512	0.0035460992907801418	15	3625	0.004137931034482759	99.64539007092199	71.936	4712	761	32041	results/phase9/gated_eval_phase9a_bridge_on_phase8f_t080/chr20_15_20mb_illumina30x_phase7a/t0.995/truth_eval_phase9a_bridge.metrics.json
chr20_15_20mb	WhatsHap_Illumina30x	6250	5441	5331	93	5331	0.017445132245357344	69	4225	0.016331360946745564	98.25548677546426	83.808	1553	610	8928	baselines/whatshap/chr20_15_20mb_whatshap_illumina30x/truth_eval.metrics.json
chr20_15_20mb	WhatsHap_GIAB_CCS_HiFi30x	6250	6333	6214	530	6214	0.085291277759897	185	6191	0.0298820869003392	91.47087222401031	90.944	521242	100955	611482	baselines/whatshap/chr20_15_20mb_whatshap_hifi30x/truth_eval.metrics.json
chr20_20_25mb	AWPhase_Phase6C_read_backbone	4378	3106	3071	0	3071	0.0	0	2444	0.0	100.0	70.14618547281863	1451	590	17513	results/phase7a_windows/chr20_20_25mb_illumina30x_phase7a/truth_eval_phase6c.metrics.json
chr20_20_25mb	AWPhase_Phase7A_hand_panel_fill	4378	3372	3335	8	3335	0.0023988005997001498	8	2708	0.0029542097488921715	99.76011994003	75.99360438556418	3963	912	20913	results/phase7a_windows/chr20_20_25mb_illumina30x_phase7a/truth_eval_phase7a.metrics.json
chr20_20_25mb	AWPhase_Phase8F_t0.80	4378	3319	3284	2	3284	0.0006090133982947625	1	2657	0.0003763643206624012	99.93909866017052	74.96573777980812	3180	815	17513	results/phase8/gated_eval_phase8f/chr20_20_25mb_illumina30x_phase7a/t0.80/truth_eval_phase8f_xgb.metrics.json
chr20_20_25mb	AWPhase_Phase9A_bridge_t0.995_on_Phase8F_t0.80	4378	3319	3284	2	3284	0.0006090133982947625	1	2696	0.000370919881305638	99.93909866017052	74.96573777980812	4442	806	26926	results/phase9/gated_eval_phase9a_bridge_on_phase8f_t080/chr20_20_25mb_illumina30x_phase7a/t0.995/truth_eval_phase9a_bridge.metrics.json
chr20_20_25mb	WhatsHap_Illumina30x	4378	3730	3645	25	3645	0.006858710562414266	34	2958	0.011494252873563218	99.31412894375858	82.68615806304248	1814	622	76532	baselines/whatshap/chr20_20_25mb_whatshap_illumina30x/truth_eval.metrics.json
chr20_20_25mb	WhatsHap_GIAB_CCS_HiFi30x	4378	4446	4345	75	4345	0.01726121979286536	90	4298	0.020939972080037228	98.27387802071347	97.53312014618547	413418	16043	489495	baselines/whatshap/chr20_20_25mb_whatshap_hifi30x/truth_eval.metrics.json
chr20_25_30mb	AWPhase_Phase6C_read_backbone	847	3450	540	0	540	0.0	0	389	0.0	100.0	63.75442739079102	1489	597	6789	results/phase7a_windows/chr20_25_30mb_illumina30x_phase7a/truth_eval_phase6c.metrics.json
chr20_25_30mb	AWPhase_Phase7A_hand_panel_fill	847	3547	604	7	604	0.011589403973509934	5	452	0.011061946902654867	98.84105960264901	70.4840613931523	2464	682	21007	results/phase7a_windows/chr20_25_30mb_illumina30x_phase7a/truth_eval_phase7a.metrics.json
chr20_25_30mb	AWPhase_Phase8F_t0.80	847	3500	590	1	590	0.001694915254237288	1	438	0.00228310502283105	99.83050847457628	69.53955135773317	1876	633	12141	results/phase8/gated_eval_phase8f/chr20_25_30mb_illumina30x_phase7a/t0.80/truth_eval_phase8f_xgb.metrics.json
chr20_25_30mb	AWPhase_Phase9A_bridge_t0.995_on_Phase8F_t0.80	847	3500	590	1	590	0.001694915254237288	1	453	0.002207505518763797	99.83050847457628	69.53955135773317	2159	640	17634	results/phase9/gated_eval_phase9a_bridge_on_phase8f_t080/chr20_25_30mb_illumina30x_phase7a/t0.995/truth_eval_phase9a_bridge.metrics.json
chr20_25_30mb	WhatsHap_Illumina30x	847	3997	702	16	702	0.022792022792022793	13	531	0.02448210922787194	97.72079772079772	80.99173553719008	1720	630	13019	baselines/whatshap/chr20_25_30mb_whatshap_illumina30x/truth_eval.metrics.json
chr20_25_30mb	WhatsHap_GIAB_CCS_HiFi30x	847	4232	846	2	846	0.002364066193853428	4	845	0.004733727810650888	99.76359338061465	99.64580873671783	518822	36533	783179	baselines/whatshap/chr20_25_30mb_whatshap_hifi30x/truth_eval.metrics.json
chr20_30_35mb	AWPhase_Phase6C_read_backbone	2550	2633	1368	3	1368	0.0021929824561403508	2	969	0.0020639834881320948	99.78070175438597	53.529411764705884	1327	516	11682	results/phase7a_windows/chr20_30_35mb_illumina30x_phase7a/truth_eval_phase6c.metrics.json
chr20_30_35mb	AWPhase_Phase7A_hand_panel_fill	2550	2822	1523	11	1523	0.007222586999343401	13	1124	0.011565836298932384	99.27774130006566	59.29411764705882	4459	702	30214	results/phase7a_windows/chr20_30_35mb_illumina30x_phase7a/truth_eval_phase7a.metrics.json
chr20_30_35mb	AWPhase_Phase8F_t0.80	2550	2734	1469	6	1469	0.0040844111640571815	7	1070	0.0065420560747663555	99.59155888359427	57.372549019607845	2757	602	30214	results/phase8/gated_eval_phase8f/chr20_30_35mb_illumina30x_phase7a/t0.80/truth_eval_phase8f_xgb.metrics.json
chr20_30_35mb	AWPhase_Phase9A_bridge_t0.995_on_Phase8F_t0.80	2550	2734	1469	6	1469	0.0040844111640571815	7	1123	0.006233303650934996	99.59155888359427	57.372549019607845	7414	604	53118	results/phase9/gated_eval_phase9a_bridge_on_phase8f_t080/chr20_30_35mb_illumina30x_phase7a/t0.995/truth_eval_phase9a_bridge.metrics.json
chr20_30_35mb	WhatsHap_Illumina30x	2550	3569	1969	75	1969	0.03809040121889284	55	1473	0.0373387644263408	96.19095987811072	74.27450980392157	1603	566	11682	baselines/whatshap/chr20_30_35mb_whatshap_illumina30x/truth_eval.metrics.json
chr20_30_35mb	WhatsHap_GIAB_CCS_HiFi30x	2550	4151	2537	30	2537	0.011824990145841546	26	2511	0.010354440461967344	98.81750098541585	98.31372549019608	390334	28701	564207	baselines/whatshap/chr20_30_35mb_whatshap_hifi30x/truth_eval.metrics.json
chr20_35_40mb	AWPhase_Phase6C_read_backbone	4292	2595	2564	8	2564	0.0031201248049922	5	1889	0.0026469031233456856	99.68798751950078	59.55265610438024	1061	489	10155	results/phase7a_windows/chr20_35_40mb_illumina30x_phase7a/truth_eval_phase6c.metrics.json
chr20_35_40mb	AWPhase_Phase7A_hand_panel_fill	4292	2920	2881	13	2881	0.004512322110378341	10	2206	0.004533091568449683	99.54876778896217	66.8219944082013	4674	735	23774	results/phase7a_windows/chr20_35_40mb_illumina30x_phase7a/truth_eval_phase7a.metrics.json
chr20_35_40mb	AWPhase_Phase8F_t0.80	4292	2812	2781	10	2781	0.003595828838547285	7	2106	0.0033238366571699905	99.64041711614527	64.56197576887233	2837	617	22155	results/phase8/gated_eval_phase8f/chr20_35_40mb_illumina30x_phase7a/t0.80/truth_eval_phase8f_xgb.metrics.json
chr20_35_40mb	AWPhase_Phase9A_bridge_t0.995_on_Phase8F_t0.80	4292	2812	2781	12	2781	0.004314994606256742	9	2196	0.004098360655737705	99.56850053937433	64.51537744641193	6539	669	29629	results/phase9/gated_eval_phase9a_bridge_on_phase8f_t080/chr20_35_40mb_illumina30x_phase7a/t0.995/truth_eval_phase9a_bridge.metrics.json
chr20_35_40mb	WhatsHap_Illumina30x	4292	3532	3445	81	3445	0.02351233671988389	63	2635	0.023908918406072108	97.64876632801162	78.37837837837837	1265	525	14283	baselines/whatshap/chr20_35_40mb_whatshap_illumina30x/truth_eval.metrics.json
chr20_35_40mb	WhatsHap_GIAB_CCS_HiFi30x	4292	4367	4253	557	4253	0.13096637667528804	207	4218	0.04907539118065434	86.9033623324712	86.11369990680335	353378	36429	626256	baselines/whatshap/chr20_35_40mb_whatshap_hifi30x/truth_eval.metrics.json
chr20_40_45mb	AWPhase_Phase6C_read_backbone	2658	1621	1616	9	1616	0.005569306930693069	5	1172	0.004266211604095563	99.4430693069307	60.45899172310008	1179	466	6202	results/phase7a_windows/chr20_40_45mb_illumina30x_phase7a/truth_eval_phase6c.metrics.json
chr20_40_45mb	AWPhase_Phase7A_hand_panel_fill	2658	1854	1849	16	1849	0.008653326122228232	13	1405	0.009252669039145907	99.13466738777717	68.96162528216703	4453	763	24884	results/phase7a_windows/chr20_40_45mb_illumina30x_phase7a/truth_eval_phase7a.metrics.json
chr20_40_45mb	AWPhase_Phase8F_t0.80	2658	1789	1784	10	1784	0.005605381165919282	7	1340	0.0052238805970149255	99.43946188340807	66.74191121143717	3560	689	14220	results/phase8/gated_eval_phase8f/chr20_40_45mb_illumina30x_phase7a/t0.80/truth_eval_phase8f_xgb.metrics.json
chr20_40_45mb	AWPhase_Phase9A_bridge_t0.995_on_Phase8F_t0.80	2658	1789	1784	12	1784	0.006726457399103139	9	1412	0.006373937677053824	99.32735426008968	66.66666666666666	10260	750	52894	results/phase9/gated_eval_phase9a_bridge_on_phase8f_t080/chr20_40_45mb_illumina30x_phase7a/t0.995/truth_eval_phase9a_bridge.metrics.json
chr20_40_45mb	WhatsHap_Illumina30x	2658	2116	2095	52	2095	0.024821002386634844	35	1590	0.0220125786163522	97.51789976133651	76.86230248306998	1357	536	7706	baselines/whatshap/chr20_40_45mb_whatshap_illumina30x/truth_eval.metrics.json
chr20_40_45mb	WhatsHap_GIAB_CCS_HiFi30x	2658	2665	2637	211	2637	0.08001516875237012	91	2617	0.03477264042797096	91.99848312476298	91.27163280662151	216332	49947	598276	baselines/whatshap/chr20_40_45mb_whatshap_hifi30x/truth_eval.metrics.json
chr20_45_50mb	AWPhase_Phase6C_read_backbone	5449	3869	3631	6	3631	0.0016524373450839988	5	2839	0.0017611835153222965	99.83475626549159	66.52596806753533	385553	566	622757	results/phase7a_windows/chr20_45_50mb_illumina30x_phase7a/truth_eval_phase6c.metrics.json
chr20_45_50mb	AWPhase_Phase7A_hand_panel_fill	5449	4118	3880	12	3880	0.003092783505154639	13	3088	0.0042098445595854924	99.69072164948454	70.98550192695907	13933	834	622757	results/phase7a_windows/chr20_45_50mb_illumina30x_phase7a/truth_eval_phase7a.metrics.json
chr20_45_50mb	AWPhase_Phase8F_t0.80	5449	4074	3836	8	3836	0.0020855057351407717	8	3044	0.002628120893561104	99.79144942648593	70.25142227931731	18015	763	622757	results/phase8/gated_eval_phase8f/chr20_45_50mb_illumina30x_phase7a/t0.80/truth_eval_phase8f_xgb.metrics.json
chr20_45_50mb	AWPhase_Phase9A_bridge_t0.995_on_Phase8F_t0.80	5449	4074	3836	8	3836	0.0020855057351407717	8	3153	0.002537266095781795	99.79144942648593	70.25142227931731	28850	818	622757	results/phase9/gated_eval_phase9a_bridge_on_phase8f_t080/chr20_45_50mb_illumina30x_phase7a/t0.995/truth_eval_phase9a_bridge.metrics.json
chr20_45_50mb	WhatsHap_Illumina30x	5449	5022	4707	99	4707	0.021032504780114723	64	3791	0.01688208915853337	97.89674952198853	84.56597540833181	385553	625	627166	baselines/whatshap/chr20_45_50mb_whatshap_illumina30x/truth_eval.metrics.json
chr20_45_50mb	WhatsHap_GIAB_CCS_HiFi30x	5449	5764	5440	24	5440	0.004411764705882353	33	5415	0.006094182825484765	99.55882352941177	99.39438429069554	517997	75844	1000243	baselines/whatshap/chr20_45_50mb_whatshap_hifi30x/truth_eval.metrics.json
chr22_15_20mb	AWPhase_Phase6C_read_backbone	3315	4771	2199	3	2199	0.001364256480218281	3	1718	0.0017462165308498253	99.86357435197817	66.2443438914027	2235	600	139334	results/phase7a_windows/chr22_15_20mb_illumina30x_phase7a/truth_eval_phase6c.metrics.json
chr22_15_20mb	AWPhase_Phase7A_hand_panel_fill	3315	4969	2371	15	2371	0.0063264445381695485	19	1890	0.010052910052910053	99.36735554618305	71.07088989441931	3511	788	139334	results/phase7a_windows/chr22_15_20mb_illumina30x_phase7a/truth_eval_phase7a.metrics.json
chr22_15_20mb	AWPhase_Phase8F_t0.80	3315	4897	2325	8	2325	0.0034408602150537634	9	1844	0.004880694143167028	99.65591397849462	69.894419306184	2860	698	139334	results/phase8/gated_eval_phase8f/chr22_15_20mb_illumina30x_phase7a/t0.80/truth_eval_phase8f_xgb.metrics.json
chr22_15_20mb	AWPhase_Phase9A_bridge_t0.995_on_Phase8F_t0.80	3315	4897	2325	8	2325	0.0034408602150537634	10	1891	0.005288207297726071	99.65591397849462	69.894419306184	4056	716	139334	results/phase9/gated_eval_phase9a_bridge_on_phase8f_t080/chr22_15_20mb_illumina30x_phase7a/t0.995/truth_eval_phase9a_bridge.metrics.json
chr22_15_20mb	WhatsHap_Illumina30x	3315	5894	2882	83	2882	0.02879944482997918	61	2320	0.026293103448275863	97.12005551700209	84.43438914027149	2432	667	139334	baselines/whatshap/chr22_15_20mb_whatshap_illumina30x/truth_eval.metrics.json
chr22_15_20mb	WhatsHap_GIAB_CCS_HiFi30x	3315	6691	3278	14	3278	0.004270896888346553	24	3267	0.0073461891643709825	99.57291031116534	98.46153846153847	879704	52522	1020909	baselines/whatshap/chr22_15_20mb_whatshap_hifi30x/truth_eval.metrics.json
chr22_20_25mb	AWPhase_Phase6C_read_backbone	4533	4302	3107	15	3107	0.00482780817508851	12	2482	0.004834810636583401	99.51721918249115	68.21089786013678	1336301	560	1337086	results/phase7a_windows/chr22_20_25mb_illumina30x_phase7a/truth_eval_phase6c.metrics.json
chr22_20_25mb	AWPhase_Phase7A_hand_panel_fill	4533	4516	3285	21	3285	0.006392694063926941	18	2660	0.006766917293233083	99.3607305936073	72.00529450694904	1336301	699	1337086	results/phase7a_windows/chr22_20_25mb_illumina30x_phase7a/truth_eval_phase7a.metrics.json
chr22_20_25mb	AWPhase_Phase8F_t0.80	4533	4439	3244	17	3244	0.0052404438964241675	14	2619	0.005345551737304314	99.47595561035757	71.18905801897199	1336301	645	1337086	results/phase8/gated_eval_phase8f/chr22_20_25mb_illumina30x_phase7a/t0.80/truth_eval_phase8f_xgb.metrics.json
chr22_20_25mb	AWPhase_Phase9A_bridge_t0.995_on_Phase8F_t0.80	4533	4439	3244	17	3244	0.0052404438964241675	14	2680	0.0052238805970149255	99.47595561035757	71.18905801897199	1336301	651	1337086	results/phase9/gated_eval_phase9a_bridge_on_phase8f_t080/chr22_20_25mb_illumina30x_phase7a/t0.995/truth_eval_phase9a_bridge.metrics.json
chr22_20_25mb	WhatsHap_Illumina30x	4533	5450	3952	62	3952	0.01568825910931174	58	3238	0.017912291537986413	98.43117408906883	85.81513346569601	1336301	626	1337086	baselines/whatshap/chr22_20_25mb_whatshap_illumina30x/truth_eval.metrics.json
chr22_20_25mb	WhatsHap_GIAB_CCS_HiFi30x	4533	6250	4529	54	4529	0.011923161845882093	23	4517	0.005091875138366172	98.80768381541179	98.7204941539819	422148	49836	676255	baselines/whatshap/chr22_20_25mb_whatshap_hifi30x/truth_eval.metrics.json
