split	label	method	n_truth_het_sites_in_bed	n_pred_sites_nonzero	n_exact_overlap_sites_phased	pct_truth_sites_phased	hamming_errors	hamming_denominator	hamming_error_rate	switch_errors	switch_denominator	switch_error_rate	phased_site_accuracy_pct	truth_correct_pct	raw_block_n50_bp	median_block_span_bp	phasing_coverage_pct	path
train	chr1_15_20mb	AWPhase_Phase6C_Rust_WMEC	5574	4398	3861	0.6926803013993541	7	3861	0.001813001813001813	10	3128	0.00319693094629156	99.81869981869981	69.14244707570865	1594	561	69.26803013993542	results/phase7a_windows/chr1_15_20mb_illumina30x_phase7a/truth_eval_phase6c.metrics.json
train	chr1_15_20mb	AWPhase_Phase7A_current	5574	4696	4119	0.7389666307857912	20	4119	0.004855547462976451	23	3386	0.006792675723567632	99.51444525370235	73.5378543236455	3667	787	73.89666307857912	results/phase7a_windows/chr1_15_20mb_illumina30x_phase7a/truth_eval_phase7a.metrics.json
train	chr1_15_20mb	AWPhase_Phase8_PBWT	5574	5396	4786	0.8586293505561535	13	4786	0.0027162557459256163	13	4053	0.0032075006168270415	99.72837442540744	85.6297093649085	8894	876	85.86293505561535	results/phase7a_windows/chr1_15_20mb_illumina30x_phase7a/truth_eval_phase8pbwt.metrics.json
train	chr1_15_20mb	AWPhase_Phase8_PBWT_HMM	5574	5398	4788	0.8589881593110872	13	4788	0.0027151211361737676	13	4055	0.0032059186189889025	99.72848788638262	85.66559024040187	8959	876	85.89881593110871	results/phase7a_windows/chr1_15_20mb_illumina30x_phase7a/truth_eval_phase8pbwt_hmm.metrics.json
train	chr1_15_20mb	AWPhase_Phase8_PBWT_V2_exact_prefix	5574	5401	4792	0.8597057768209544	15	4792	0.0031302170283806345	16	4059	0.003941857600394186	99.68697829716193	85.70147111589522	10876	764	85.97057768209544	results/phase7a_windows/chr1_15_20mb_illumina30x_phase7a/truth_eval_phase8pbwt_v2.metrics.json
train	chr1_15_20mb	AWPhase_Phase8_PBWT_HMM_V2_forward_backward	5574	5426	4817	0.8641908862576246	16	4817	0.003321569441561138	17	4084	0.00416258570029383	99.66784305584389	86.13204162181557	11327	801	86.41908862576247	results/phase7a_windows/chr1_15_20mb_illumina30x_phase7a/truth_eval_phase8pbwt_hmm_v2.metrics.json
train	chr1_15_20mb	WhatsHap_Illumina30x	5574	5496	4853	0.8706494438464298	175	4853	0.036060168967648874	147	4012	0.03664007976071785	96.39398310323512	83.92536777897381	1734	585	87.06494438464298	baselines/whatshap/chr1_15_20mb_whatshap_illumina30x/truth_eval.metrics.json
train	chr1_15_20mb	WhatsHap_PacBio_HiFi30x	5574	6633	5566	0.9985647649802655	26	5566	0.004671218109953288	35	5556	0.006299496040316775	99.53287818900466	99.39002511661285	617203	306594	99.85647649802655	baselines/whatshap/chr1_15_20mb_whatshap_pacbio/truth_eval.metrics.json
train	chr1_20_25mb	AWPhase_Phase6C_Rust_WMEC	5409	3478	3403	0.6291366241449436	13	3403	0.003820158683514546	11	2592	0.004243827160493827	99.61798413164854	62.67332224070993	1284	506	62.91366241449436	results/phase7a_windows/chr1_20_25mb_illumina30x_phase7a/truth_eval_phase6c.metrics.json
train	chr1_20_25mb	AWPhase_Phase7A_current	5409	3798	3721	0.6879275281937511	23	3721	0.006181134103735555	25	2910	0.00859106529209622	99.38188658962645	68.36753558883343	4013	807	68.79275281937511	results/phase7a_windows/chr1_20_25mb_illumina30x_phase7a/truth_eval_phase7a.metrics.json
train	chr1_20_25mb	AWPhase_Phase8_PBWT	5409	4604	4515	0.8347199112590128	15	4515	0.0033222591362126247	13	3704	0.003509719222462203	99.66777408637874	83.19467554076539	8838	1013	83.47199112590127	results/phase7a_windows/chr1_20_25mb_illumina30x_phase7a/truth_eval_phase8pbwt.metrics.json
train	chr1_20_25mb	AWPhase_Phase8_PBWT_HMM	5409	4612	4523	0.8361989277130708	14	4523	0.0030952907362370107	13	3712	0.003502155172413793	99.69047092637629	83.36106489184692	9296	1013	83.61989277130708	results/phase7a_windows/chr1_20_25mb_illumina30x_phase7a/truth_eval_phase8pbwt_hmm.metrics.json
train	chr1_20_25mb	AWPhase_Phase8_PBWT_V2_exact_prefix	5409	4626	4537	0.8387872065076724	16	4537	0.003526559400484902	13	3726	0.003488996242619431	99.64734405995152	83.58291735995563	11886	819	83.87872065076724	results/phase7a_windows/chr1_20_25mb_illumina30x_phase7a/truth_eval_phase8pbwt_v2.metrics.json
train	chr1_20_25mb	AWPhase_Phase8_PBWT_HMM_V2_forward_backward	5409	4647	4558	0.8426696246995747	15	4558	0.003290917068889864	13	3747	0.003469442220443021	99.67090829311101	83.9896468848216	12078	849	84.26696246995748	results/phase7a_windows/chr1_20_25mb_illumina30x_phase7a/truth_eval_phase8pbwt_hmm_v2.metrics.json
train	chr1_20_25mb	WhatsHap_Illumina30x	5409	4683	4552	0.8415603623590312	253	4552	0.055579964850615116	169	3602	0.04691837867851194	94.44200351493849	79.47864669994453	1476	559	84.15603623590313	baselines/whatshap/chr1_20_25mb_whatshap_illumina30x/truth_eval.metrics.json
train	chr1_20_25mb	WhatsHap_PacBio_HiFi30x	5409	5541	5400	0.9983361064891847	14	5400	0.0025925925925925925	25	5387	0.004640801930573603	99.74074074074075	99.57478276945831	1290036	128944	99.83361064891847	baselines/whatshap/chr1_20_25mb_whatshap_pacbio/truth_eval.metrics.json
train	chr1_55_60mb	AWPhase_Phase6C_Rust_WMEC	5542	3893	3804	0.686394803320101	11	3804	0.0028916929547844372	11	2874	0.003827418232428671	99.71083070452156	68.44099603031395	1222	538	68.63948033201011	results/phase7a_windows/chr1_55_60mb_illumina30x_phase7a/truth_eval_phase6c.metrics.json
train	chr1_55_60mb	AWPhase_Phase7A_current	5542	4256	4166	0.7517141826055576	18	4166	0.0043206913106096975	21	3236	0.0064894932014833125	99.56793086893903	74.84662576687117	3487	735	75.17141826055575	results/phase7a_windows/chr1_55_60mb_illumina30x_phase7a/truth_eval_phase7a.metrics.json
train	chr1_55_60mb	AWPhase_Phase8_PBWT	5542	4970	4879	0.8803680981595092	12	4879	0.0024595203935232628	13	3949	0.0032919726513041276	99.75404796064767	87.82028148682785	7957	786	88.03680981595092	results/phase7a_windows/chr1_55_60mb_illumina30x_phase7a/truth_eval_phase8pbwt.metrics.json
train	chr1_55_60mb	AWPhase_Phase8_PBWT_HMM	5542	4976	4885	0.8814507398051245	12	4885	0.0024564994882292734	13	3955	0.0032869785082174463	99.75435005117707	87.92854565138938	7957	805	88.14507398051245	results/phase7a_windows/chr1_55_60mb_illumina30x_phase7a/truth_eval_phase8pbwt_hmm.metrics.json
train	chr1_55_60mb	AWPhase_Phase8_PBWT_V2_exact_prefix	5542	4982	4891	0.8825333814507398	15	4891	0.003066857493355142	13	3961	0.003281999495077001	99.69331425066449	87.98267773367016	11626	663	88.25333814507398	results/phase7a_windows/chr1_55_60mb_illumina30x_phase7a/truth_eval_phase8pbwt_v2.metrics.json
train	chr1_55_60mb	AWPhase_Phase8_PBWT_HMM_V2_forward_backward	5542	5003	4912	0.8863226272103933	15	4912	0.0030537459283387623	13	3982	0.0032646911099949772	99.69462540716613	88.36160230963551	11641	673	88.63226272103934	results/phase7a_windows/chr1_55_60mb_illumina30x_phase7a/truth_eval_phase8pbwt_hmm_v2.metrics.json
train	chr1_55_60mb	WhatsHap_Illumina30x	5542	4793	4647	0.8385059545290509	98	4647	0.02108887454271573	99	3604	0.02746947835738069	97.89111254572843	82.08228076506676	1338	584	83.85059545290508	baselines/whatshap/chr1_55_60mb_whatshap_illumina30x/truth_eval.metrics.json
train	chr1_55_60mb	WhatsHap_PacBio_HiFi30x	5542	5691	5538	0.9992782389029231	296	5538	0.05344889851932105	22	5527	0.003980459562149448	94.65511014806789	94.5867917719235	903720	274243	99.92782389029232	baselines/whatshap/chr1_55_60mb_whatshap_pacbio/truth_eval.metrics.json
train	chr1_110_115mb	AWPhase_Phase6C_Rust_WMEC	5275	3555	3488	0.6612322274881517	17	3488	0.004873853211009175	9	2647	0.003400075557234605	99.51261467889908	65.80094786729858	1273	511	66.12322274881517	results/phase7a_windows/chr1_110_115mb_illumina30x_phase7a/truth_eval_phase6c.metrics.json
train	chr1_110_115mb	AWPhase_Phase7A_current	5275	3900	3833	0.7266350710900474	30	3833	0.007826767545003914	20	2992	0.0066844919786096255	99.21732324549961	72.09478672985782	4806	766	72.66350710900474	results/phase7a_windows/chr1_110_115mb_illumina30x_phase7a/truth_eval_phase7a.metrics.json
train	chr1_110_115mb	AWPhase_Phase8_PBWT	5275	4606	4537	0.8600947867298578	19	4537	0.004187789288075821	11	3696	0.002976190476190476	99.58122107119242	85.64928909952607	10072	826	86.00947867298578	results/phase7a_windows/chr1_110_115mb_illumina30x_phase7a/truth_eval_phase8pbwt.metrics.json
train	chr1_110_115mb	AWPhase_Phase8_PBWT_HMM	5275	4609	4540	0.8606635071090047	19	4540	0.004185022026431718	11	3699	0.0029737766964044337	99.58149779735683	85.70616113744076	10176	827	86.06635071090048	results/phase7a_windows/chr1_110_115mb_illumina30x_phase7a/truth_eval_phase8pbwt_hmm.metrics.json
train	chr1_110_115mb	AWPhase_Phase8_PBWT_V2_exact_prefix	5275	4619	4550	0.8625592417061612	21	4550	0.004615384615384616	10	3709	0.0026961445133459154	99.53846153846155	85.85781990521328	11835	715	86.25592417061611	results/phase7a_windows/chr1_110_115mb_illumina30x_phase7a/truth_eval_phase8pbwt_v2.metrics.json
train	chr1_110_115mb	AWPhase_Phase8_PBWT_HMM_V2_forward_backward	5275	4651	4582	0.8686255924170616	19	4582	0.004146660846791794	10	3741	0.002673082063619353	99.58533391532082	86.50236966824644	12528	734	86.86255924170617	results/phase7a_windows/chr1_110_115mb_illumina30x_phase7a/truth_eval_phase8pbwt_hmm_v2.metrics.json
train	chr1_110_115mb	WhatsHap_Illumina30x	5275	4529	4421	0.8381042654028436	147	4421	0.03325039583804569	131	3452	0.03794901506373117	96.67496041619543	81.02369668246445	1398	556	83.81042654028435	baselines/whatshap/chr1_110_115mb_whatshap_illumina30x/truth_eval.metrics.json
train	chr1_110_115mb	WhatsHap_PacBio_HiFi30x	5275	5385	5270	0.9990521327014218	27	5270	0.005123339658444023	34	5258	0.006466337010270064	99.4876660341556	99.39336492890996	1162160	50079	99.90521327014218	baselines/whatshap/chr1_110_115mb_whatshap_pacbio/truth_eval.metrics.json
train	chr1_200_205mb	AWPhase_Phase6C_Rust_WMEC	5412	3506	3430	0.6337767923133777	25	3430	0.007288629737609329	15	2557	0.005866249511145874	99.27113702623906	62.91574279379157	1120	528	63.377679231337765	results/phase7a_windows/chr1_200_205mb_illumina30x_phase7a/truth_eval_phase6c.metrics.json
train	chr1_200_205mb	AWPhase_Phase7A_current	5412	3791	3715	0.6864375461936437	33	3715	0.008882907133243608	26	2841	0.009151707145371349	99.11170928667565	68.0339985218034	3023	702	68.64375461936437	results/phase7a_windows/chr1_200_205mb_illumina30x_phase7a/truth_eval_phase7a.metrics.json
train	chr1_200_205mb	AWPhase_Phase8_PBWT	5412	4560	4478	0.827420546932742	28	4478	0.006252791424743189	18	3605	0.0049930651872399446	99.37472085752567	82.22468588322246	7736	942	82.7420546932742	results/phase7a_windows/chr1_200_205mb_illumina30x_phase7a/truth_eval_phase8pbwt.metrics.json
train	chr1_200_205mb	AWPhase_Phase8_PBWT_HMM	5412	4564	4482	0.8281596452328159	28	4482	0.006247211066488175	18	3609	0.004987531172069825	99.37527889335118	82.29859571322986	7985	942	82.8159645232816	results/phase7a_windows/chr1_200_205mb_illumina30x_phase7a/truth_eval_phase8pbwt_hmm.metrics.json
train	chr1_200_205mb	AWPhase_Phase8_PBWT_V2_exact_prefix	5412	4597	4514	0.8340724316334073	29	4514	0.006424457244129375	19	3641	0.005218346608074705	99.35755427558706	82.87139689578714	11225	758	83.40724316334072	results/phase7a_windows/chr1_200_205mb_illumina30x_phase7a/truth_eval_phase8pbwt_v2.metrics.json
train	chr1_200_205mb	AWPhase_Phase8_PBWT_HMM_V2_forward_backward	5412	4630	4547	0.840169992609017	29	4547	0.0063778315372773255	19	3674	0.005171475231355471	99.36221684627226	83.48115299334812	11654	804	84.0169992609017	results/phase7a_windows/chr1_200_205mb_illumina30x_phase7a/truth_eval_phase8pbwt_hmm_v2.metrics.json
train	chr1_200_205mb	WhatsHap_Illumina30x	5412	4716	4559	0.8423872875092387	182	4559	0.03992103531476201	145	3541	0.040948884495905113	96.0078964685238	80.87583148558758	1326	570	84.23872875092387	baselines/whatshap/chr1_200_205mb_whatshap_illumina30x/truth_eval.metrics.json
train	chr1_200_205mb	WhatsHap_PacBio_HiFi30x	5412	5594	5406	0.9988913525498891	20	5406	0.003699593044765076	39	5388	0.007238307349665924	99.63004069552349	99.51958610495197	522404	190023	99.88913525498891	baselines/whatshap/chr1_200_205mb_whatshap_pacbio/truth_eval.metrics.json
train	chr1_215_220mb	AWPhase_Phase6C_Rust_WMEC	5791	3974	3907	0.6746675876359869	18	3907	0.004607115433836704	16	2916	0.0054869684499314125	99.53928845661633	67.15593161802798	1117	501	67.46675876359869	results/phase7a_windows/chr1_215_220mb_illumina30x_phase7a/truth_eval_phase6c.metrics.json
train	chr1_215_220mb	AWPhase_Phase7A_current	5791	4332	4265	0.736487653255051	29	4265	0.006799531066822978	26	3273	0.007943782462572564	99.32004689331771	73.14798825764117	3525	708	73.6487653255051	results/phase7a_windows/chr1_215_220mb_illumina30x_phase7a/truth_eval_phase7a.metrics.json
train	chr1_215_220mb	AWPhase_Phase8_PBWT	5791	5164	5094	0.8796408219651183	21	5094	0.004122497055359246	20	4103	0.004874482086278333	99.58775029446407	87.60145052667933	8608	745	87.96408219651182	results/phase7a_windows/chr1_215_220mb_illumina30x_phase7a/truth_eval_phase8pbwt.metrics.json
train	chr1_215_220mb	AWPhase_Phase8_PBWT_HMM	5791	5167	5097	0.8801588672077362	21	5097	0.004120070629782225	20	4106	0.004870920603994155	99.58799293702178	87.65325505094111	8653	745	88.01588672077361	results/phase7a_windows/chr1_215_220mb_illumina30x_phase7a/truth_eval_phase8pbwt_hmm.metrics.json
train	chr1_215_220mb	AWPhase_Phase8_PBWT_V2_exact_prefix	5791	5182	5112	0.8827490934208254	27	5112	0.00528169014084507	22	4121	0.005338510070371269	99.47183098591549	87.80866862372648	11819	658	88.27490934208254	results/phase7a_windows/chr1_215_220mb_illumina30x_phase7a/truth_eval_phase8pbwt_v2.metrics.json
train	chr1_215_220mb	AWPhase_Phase8_PBWT_HMM_V2_forward_backward	5791	5200	5130	0.8858573648765325	24	5130	0.004678362573099415	20	4139	0.004832085044696787	99.53216374269006	88.17130029355897	11819	673	88.58573648765325	results/phase7a_windows/chr1_215_220mb_illumina30x_phase7a/truth_eval_phase8pbwt_hmm_v2.metrics.json
train	chr1_215_220mb	WhatsHap_Illumina30x	5791	4994	4857	0.8387152477983078	124	4857	0.0255301626518427	114	3751	0.03039189549453479	97.44698373481573	81.73027111034364	1328	526	83.87152477983078	baselines/whatshap/chr1_215_220mb_whatshap_illumina30x/truth_eval.metrics.json
train	chr1_215_220mb	WhatsHap_PacBio_HiFi30x	5791	5931	5787	0.9993092730098428	17	5787	0.0029376188007603247	30	5781	0.005189413596263622	99.70623811992397	99.6373683301675	982326	923979	99.93092730098428	baselines/whatshap/chr1_215_220mb_whatshap_pacbio/truth_eval.metrics.json
train	chr1_230_235mb	AWPhase_Phase6C_Rust_WMEC	5548	3840	3783	0.6818673395818313	8	3783	0.0021147237642083	6	2980	0.0020134228187919465	99.78852762357917	68.04253785147802	1462	560	68.18673395818313	results/phase7a_windows/chr1_230_235mb_illumina30x_phase7a/truth_eval_phase6c.metrics.json
train	chr1_230_235mb	AWPhase_Phase7A_current	5548	4114	4056	0.7310742609949531	20	4056	0.004930966469428008	21	3253	0.00645557946510913	99.5069033530572	72.74693583273252	4310	730	73.10742609949531	results/phase7a_windows/chr1_230_235mb_illumina30x_phase7a/truth_eval_phase7a.metrics.json
train	chr1_230_235mb	AWPhase_Phase8_PBWT	5548	4884	4824	0.8695025234318673	16	4824	0.003316749585406302	12	4020	0.0029850746268656717	99.66832504145937	86.66186012977649	9028	823	86.95025234318673	results/phase7a_windows/chr1_230_235mb_illumina30x_phase7a/truth_eval_phase8pbwt.metrics.json
train	chr1_230_235mb	AWPhase_Phase8_PBWT_HMM	5548	4889	4829	0.8704037490987744	16	4829	0.0033133153862083247	12	4025	0.0029813664596273293	99.66866846137917	86.7519826964672	9150	838	87.04037490987743	results/phase7a_windows/chr1_230_235mb_illumina30x_phase7a/truth_eval_phase8pbwt_hmm.metrics.json
train	chr1_230_235mb	AWPhase_Phase8_PBWT_V2_exact_prefix	5548	4890	4829	0.8704037490987744	17	4829	0.003520397597846345	12	4025	0.0029813664596273293	99.64796024021535	86.73395818312906	10766	739	87.04037490987743	results/phase7a_windows/chr1_230_235mb_illumina30x_phase7a/truth_eval_phase8pbwt_v2.metrics.json
train	chr1_230_235mb	AWPhase_Phase8_PBWT_HMM_V2_forward_backward	5548	4918	4856	0.875270367700072	17	4856	0.003500823723228995	12	4051	0.0029622315477659837	99.6499176276771	87.22062004325883	10794	766	87.52703677000721	results/phase7a_windows/chr1_230_235mb_illumina30x_phase7a/truth_eval_phase8pbwt_hmm_v2.metrics.json
train	chr1_230_235mb	WhatsHap_Illumina30x	5548	4865	4760	0.8579668348954578	123	4760	0.02584033613445378	104	3839	0.027090388121906745	97.41596638655462	83.57966834895458	1658	567	85.79668348954579	baselines/whatshap/chr1_230_235mb_whatshap_illumina30x/truth_eval.metrics.json
train	chr1_230_235mb	WhatsHap_PacBio_HiFi30x	5548	5660	5541	0.9987382840663303	9	5541	0.0016242555495397943	15	5522	0.0027164070988772186	99.83757444504602	99.71160778658977	408737	243416	99.87382840663302	baselines/whatshap/chr1_230_235mb_whatshap_pacbio/truth_eval.metrics.json
train	chr20_10_15mb	AWPhase_Phase6C_Rust_WMEC	3970	2716	2658	0.6695214105793451	11	2658	0.004138449962377728	7	2062	0.0033947623666343357	99.58615500376223	66.67506297229218	1320	512	66.95214105793451	results/phase7a_windows/chr20_10_15mb_illumina30x_phase7a/truth_eval_phase6c.metrics.json
train	chr20_10_15mb	AWPhase_Phase7A_current	3970	2944	2886	0.7269521410579345	19	2886	0.006583506583506584	17	2290	0.007423580786026201	99.34164934164934	72.21662468513854	4845	787	72.69521410579345	results/phase7a_windows/chr20_10_15mb_illumina30x_phase7a/truth_eval_phase7a.metrics.json
train	chr20_10_15mb	AWPhase_Phase8_PBWT	3970	3509	3446	0.8680100755667506	13	3446	0.0037724898432965758	12	2849	0.004212004212004212	99.62275101567035	86.4735516372796	9918	934	86.80100755667506	results/phase7a_windows/chr20_10_15mb_illumina30x_phase7a/truth_eval_phase8pbwt.metrics.json
train	chr20_10_15mb	AWPhase_Phase8_PBWT_HMM	3970	3512	3449	0.8687657430730479	13	3449	0.0037692084662220935	12	2852	0.004207573632538569	99.62307915337779	86.54911838790932	9918	953	86.8765743073048	results/phase7a_windows/chr20_10_15mb_illumina30x_phase7a/truth_eval_phase8pbwt_hmm.metrics.json
train	chr20_10_15mb	AWPhase_Phase8_PBWT_V2_exact_prefix	3970	3503	3440	0.8664987405541562	15	3440	0.00436046511627907	14	2843	0.004924375659514597	99.56395348837209	86.272040302267	12683	769	86.64987405541562	results/phase7a_windows/chr20_10_15mb_illumina30x_phase7a/truth_eval_phase8pbwt_v2.metrics.json
train	chr20_10_15mb	AWPhase_Phase8_PBWT_HMM_V2_forward_backward	3970	3515	3452	0.8695214105793451	13	3452	0.0037659327925840093	12	2855	0.004203152364273205	99.6234067207416	86.62468513853905	12683	833	86.95214105793451	results/phase7a_windows/chr20_10_15mb_illumina30x_phase7a/truth_eval_phase8pbwt_hmm_v2.metrics.json
train	chr20_10_15mb	WhatsHap_Illumina30x	3970	3394	3307	0.8329974811083123	84	3307	0.025400665255518595	67	2638	0.02539802880970432	97.45993347444815	81.183879093199	1476	572	83.29974811083123	baselines/whatshap/chr20_10_15mb_whatshap_illumina30x/truth_eval.metrics.json
train	chr20_10_15mb	WhatsHap_PacBio_HiFi30x	3970	4073	3966	0.998992443324937	431	3966	0.10867372667675239	26	3940	0.006598984771573604	89.13262733232476	89.04282115869017	295571	88588	99.89924433249371	baselines/whatshap/chr20_10_15mb_whatshap_pacbio/truth_eval.metrics.json
train	chr20_15_20mb	AWPhase_Phase6C_Rust_WMEC	6250	4323	4259	0.68144	6	4259	0.001408781404085466	8	3267	0.002448729721456994	99.85912185959145	68.048	1285	594	68.144	results/phase7a_windows/chr20_15_20mb_illumina30x_phase7a/truth_eval_phase6c.metrics.json
train	chr20_15_20mb	AWPhase_Phase7A_current	6250	4696	4629	0.74064	27	4629	0.005832793259883344	30	3636	0.00825082508250825	99.41672067401166	73.63199999999999	3919	805	74.064	results/phase7a_windows/chr20_15_20mb_illumina30x_phase7a/truth_eval_phase7a.metrics.json
train	chr20_15_20mb	AWPhase_Phase8_PBWT	6250	5571	5504	0.88064	6	5504	0.0010901162790697674	8	4512	0.0017730496453900709	99.89098837209302	87.968	8194	923	88.064	results/phase7a_windows/chr20_15_20mb_illumina30x_phase7a/truth_eval_phase8pbwt.metrics.json
train	chr20_15_20mb	AWPhase_Phase8_PBWT_HMM	6250	5574	5507	0.88112	6	5507	0.0010895224260032686	8	4515	0.0017718715393133999	99.89104775739968	88.016	8201	918	88.112	results/phase7a_windows/chr20_15_20mb_illumina30x_phase7a/truth_eval_phase8pbwt_hmm.metrics.json
train	chr20_15_20mb	AWPhase_Phase8_PBWT_V2_exact_prefix	6250	5577	5510	0.8816	7	5510	0.0012704174228675136	9	4518	0.00199203187250996	99.87295825771325	88.048	10313	748	88.16	results/phase7a_windows/chr20_15_20mb_illumina30x_phase7a/truth_eval_phase8pbwt_v2.metrics.json
train	chr20_15_20mb	AWPhase_Phase8_PBWT_HMM_V2_forward_backward	6250	5603	5536	0.88576	7	5536	0.0012644508670520231	9	4544	0.0019806338028169014	99.8735549132948	88.464	10654	769	88.576	results/phase7a_windows/chr20_15_20mb_illumina30x_phase7a/truth_eval_phase8pbwt_hmm_v2.metrics.json
train	chr20_15_20mb	WhatsHap_Illumina30x	6250	5473	5357	0.85712	125	5357	0.02333395557214859	124	4239	0.029252182118424157	97.66660444278514	83.712	1557	614	85.712	baselines/whatshap/chr20_15_20mb_whatshap_illumina30x/truth_eval.metrics.json
train	chr20_15_20mb	WhatsHap_PacBio_HiFi30x	6250	6360	6240	0.9984	190	6240	0.030448717948717948	41	6227	0.006584229966275896	96.9551282051282	96.8	524822	279858	99.84	baselines/whatshap/chr20_15_20mb_whatshap_pacbio/truth_eval.metrics.json
train	chr20_20_25mb	AWPhase_Phase6C_Rust_WMEC	4378	3115	3083	0.7042028323435359	5	3083	0.001621796951021732	5	2446	0.002044153720359771	99.83782030489783	70.30607583371402	1366	581	70.42028323435359	results/phase7a_windows/chr20_20_25mb_illumina30x_phase7a/truth_eval_phase6c.metrics.json
train	chr20_20_25mb	AWPhase_Phase7A_current	4378	3377	3342	0.7633622658748287	14	3342	0.004189108318372232	15	2705	0.005545286506469501	99.58108916816278	76.01644586569209	4291	845	76.33622658748287	results/phase7a_windows/chr20_20_25mb_illumina30x_phase7a/truth_eval_phase7a.metrics.json
train	chr20_20_25mb	AWPhase_Phase8_PBWT	4378	3813	3773	0.8618090452261307	8	3773	0.0021203286509408957	8	3136	0.002551020408163265	99.78796713490591	85.99817268158976	9123	916	86.18090452261306	results/phase7a_windows/chr20_20_25mb_illumina30x_phase7a/truth_eval_phase8pbwt.metrics.json
train	chr20_20_25mb	AWPhase_Phase8_PBWT_HMM	4378	3814	3774	0.8620374600274098	8	3774	0.0021197668256491787	8	3137	0.002550207204335352	99.78802331743508	86.02101416171767	9123	916	86.20374600274097	results/phase7a_windows/chr20_20_25mb_illumina30x_phase7a/truth_eval_phase8pbwt_hmm.metrics.json
train	chr20_20_25mb	AWPhase_Phase8_PBWT_V2_exact_prefix	4378	3821	3781	0.8636363636363636	9	3781	0.0023803226659613857	10	3144	0.0031806615776081423	99.76196773340386	86.15806304248515	12493	760	86.36363636363636	results/phase7a_windows/chr20_20_25mb_illumina30x_phase7a/truth_eval_phase8pbwt_v2.metrics.json
train	chr20_20_25mb	AWPhase_Phase8_PBWT_HMM_V2_forward_backward	4378	3830	3790	0.8656920968478757	9	3790	0.00237467018469657	10	3153	0.003171582619727244	99.76253298153034	86.36363636363636	12554	775	86.56920968478758	results/phase7a_windows/chr20_20_25mb_illumina30x_phase7a/truth_eval_phase8pbwt_hmm_v2.metrics.json
train	chr20_20_25mb	WhatsHap_Illumina30x	4378	3746	3660	0.8359981726815897	74	3660	0.020218579234972677	56	2958	0.018931710615280595	97.97814207650273	81.90954773869346	1535	584	83.59981726815897	baselines/whatshap/chr20_20_25mb_whatshap_illumina30x/truth_eval.metrics.json
train	chr20_20_25mb	WhatsHap_PacBio_HiFi30x	4378	4470	4371	0.9984010963910461	20	4371	0.004575611988103409	20	4345	0.004602991944764097	99.54243880118966	99.38328003654637	453371	52936	99.84010963910461	baselines/whatshap/chr20_20_25mb_whatshap_pacbio/truth_eval.metrics.json
train	chr20_25_30mb	AWPhase_Phase6C_Rust_WMEC	847	3064	534	0.6304604486422668	2	534	0.003745318352059925	3	383	0.007832898172323759	99.625468164794	62.8099173553719	1637	560	63.04604486422668	results/phase7a_windows/chr20_25_30mb_illumina30x_phase7a/truth_eval_phase6c.metrics.json
train	chr20_25_30mb	AWPhase_Phase7A_current	847	3166	597	0.704840613931523	9	597	0.01507537688442211	8	445	0.017977528089887642	98.49246231155779	69.42148760330579	2585	653	70.4840613931523	results/phase7a_windows/chr20_25_30mb_illumina30x_phase7a/truth_eval_phase7a.metrics.json
train	chr20_25_30mb	AWPhase_Phase8_PBWT	847	3358	697	0.8229043683589138	2	697	0.0028694404591104736	3	545	0.005504587155963303	99.71305595408894	82.0543093270366	6312	642	82.29043683589138	results/phase7a_windows/chr20_25_30mb_illumina30x_phase7a/truth_eval_phase8pbwt.metrics.json
train	chr20_25_30mb	AWPhase_Phase8_PBWT_HMM	847	3358	697	0.8229043683589138	2	697	0.0028694404591104736	3	545	0.005504587155963303	99.71305595408894	82.0543093270366	6312	643	82.29043683589138	results/phase7a_windows/chr20_25_30mb_illumina30x_phase7a/truth_eval_phase8pbwt_hmm.metrics.json
train	chr20_25_30mb	AWPhase_Phase8_PBWT_V2_exact_prefix	847	3358	697	0.8229043683589138	2	697	0.0028694404591104736	3	545	0.005504587155963303	99.71305595408894	82.0543093270366	8535	629	82.29043683589138	results/phase7a_windows/chr20_25_30mb_illumina30x_phase7a/truth_eval_phase8pbwt_v2.metrics.json
train	chr20_25_30mb	AWPhase_Phase8_PBWT_HMM_V2_forward_backward	847	3359	698	0.8240850059031877	2	698	0.0028653295128939827	3	546	0.005494505494505495	99.7134670487106	82.17237308146399	8834	629	82.40850059031877	results/phase7a_windows/chr20_25_30mb_illumina30x_phase7a/truth_eval_phase8pbwt_hmm_v2.metrics.json
train	chr20_25_30mb	WhatsHap_Illumina30x	847	3578	695	0.820543093270366	16	695	0.02302158273381295	21	526	0.039923954372623575	97.6978417266187	80.16528925619835	1761	603	82.0543093270366	baselines/whatshap/chr20_25_30mb_whatshap_illumina30x/truth_eval.metrics.json
train	chr20_25_30mb	WhatsHap_PacBio_HiFi30x	847	4380	845	0.9976387249114522	2	845	0.002366863905325444	4	844	0.004739336492890996	99.76331360946745	99.52774498229043	318372	36533	99.76387249114522	baselines/whatshap/chr20_25_30mb_whatshap_pacbio/truth_eval.metrics.json
train	chr20_30_35mb	AWPhase_Phase6C_Rust_WMEC	2550	2541	1359	0.5329411764705883	12	1359	0.008830022075055188	11	952	0.011554621848739496	99.11699779249447	52.8235294117647	1176	491	53.294117647058826	results/phase7a_windows/chr20_30_35mb_illumina30x_phase7a/truth_eval_phase6c.metrics.json
train	chr20_30_35mb	AWPhase_Phase7A_current	2550	2735	1515	0.5941176470588235	23	1515	0.015181518151815182	24	1108	0.021660649819494584	98.48184818481847	58.509803921568626	4817	687	59.411764705882355	results/phase7a_windows/chr20_30_35mb_illumina30x_phase7a/truth_eval_phase7a.metrics.json
train	chr20_30_35mb	AWPhase_Phase8_PBWT	2550	3136	1788	0.7011764705882353	17	1788	0.009507829977628635	16	1380	0.011594202898550725	99.04921700223713	69.45098039215686	9957	733	70.11764705882354	results/phase7a_windows/chr20_30_35mb_illumina30x_phase7a/truth_eval_phase8pbwt.metrics.json
train	chr20_30_35mb	AWPhase_Phase8_PBWT_HMM	2550	3137	1788	0.7011764705882353	17	1788	0.009507829977628635	16	1380	0.011594202898550725	99.04921700223713	69.45098039215686	9957	733	70.11764705882354	results/phase7a_windows/chr20_30_35mb_illumina30x_phase7a/truth_eval_phase8pbwt_hmm.metrics.json
train	chr20_30_35mb	AWPhase_Phase8_PBWT_V2_exact_prefix	2550	3145	1797	0.7047058823529412	20	1797	0.011129660545353366	17	1389	0.012239020878329733	98.88703394546467	69.68627450980392	15549	670	70.47058823529412	results/phase7a_windows/chr20_30_35mb_illumina30x_phase7a/truth_eval_phase8pbwt_v2.metrics.json
train	chr20_30_35mb	AWPhase_Phase8_PBWT_HMM_V2_forward_backward	2550	3158	1805	0.707843137254902	20	1805	0.0110803324099723	17	1397	0.012168933428775949	98.89196675900277	70.0	15549	681	70.7843137254902	results/phase7a_windows/chr20_30_35mb_illumina30x_phase7a/truth_eval_phase8pbwt_hmm_v2.metrics.json
train	chr20_30_35mb	WhatsHap_Illumina30x	2550	3467	1959	0.768235294117647	109	1959	0.055640632976008166	107	1458	0.07338820301783265	94.43593670239918	72.54901960784314	1503	542	76.82352941176471	baselines/whatshap/chr20_30_35mb_whatshap_illumina30x/truth_eval.metrics.json
train	chr20_30_35mb	WhatsHap_PacBio_HiFi30x	2550	4356	2540	0.996078431372549	124	2540	0.048818897637795275	32	2522	0.012688342585249802	95.11811023622047	94.74509803921569	425491	64815	99.6078431372549	baselines/whatshap/chr20_30_35mb_whatshap_pacbio/truth_eval.metrics.json
train	chr20_35_40mb	AWPhase_Phase6C_Rust_WMEC	4292	2598	2563	0.5971575023299162	7	2563	0.0027311744049941474	5	1894	0.0026399155227032735	99.72688255950058	59.55265610438024	1021	496	59.71575023299161	results/phase7a_windows/chr20_35_40mb_illumina30x_phase7a/truth_eval_phase6c.metrics.json
train	chr20_35_40mb	AWPhase_Phase7A_current	4292	2929	2887	0.6726467847157502	12	2887	0.004156563907170073	10	2218	0.004508566275924256	99.58434360928298	66.98508853681268	4759	736	67.26467847157502	results/phase7a_windows/chr20_35_40mb_illumina30x_phase7a/truth_eval_phase7a.metrics.json
train	chr20_35_40mb	AWPhase_Phase8_PBWT	4292	3471	3419	0.7965983224603914	9	3419	0.0026323486399532025	8	2749	0.0029101491451436886	99.73676513600468	79.45013979496738	9688	806	79.65983224603914	results/phase7a_windows/chr20_35_40mb_illumina30x_phase7a/truth_eval_phase8pbwt.metrics.json
train	chr20_35_40mb	AWPhase_Phase8_PBWT_HMM	4292	3473	3421	0.7970643056849953	9	3421	0.002630809704764689	8	2751	0.0029080334423845873	99.73691902952353	79.49673811742777	9999	815	79.70643056849953	results/phase7a_windows/chr20_35_40mb_illumina30x_phase7a/truth_eval_phase8pbwt_hmm.metrics.json
train	chr20_35_40mb	AWPhase_Phase8_PBWT_V2_exact_prefix	4292	3488	3436	0.8005591798695247	11	3436	0.0032013969732246797	10	2764	0.00361794500723589	99.67986030267754	79.79962721342032	14403	680	80.05591798695247	results/phase7a_windows/chr20_35_40mb_illumina30x_phase7a/truth_eval_phase8pbwt_v2.metrics.json
train	chr20_35_40mb	AWPhase_Phase8_PBWT_HMM_V2_forward_backward	4292	3500	3447	0.8031220876048463	11	3447	0.003191180736872643	10	2775	0.0036036036036036037	99.68088192631274	80.05591798695248	14758	680	80.31220876048462	results/phase7a_windows/chr20_35_40mb_illumina30x_phase7a/truth_eval_phase8pbwt_hmm_v2.metrics.json
train	chr20_35_40mb	WhatsHap_Illumina30x	4292	3527	3436	0.8005591798695247	116	3436	0.033760186263096625	112	2621	0.042731781762686	96.62398137369034	77.35321528424977	1209	521	80.05591798695247	baselines/whatshap/chr20_35_40mb_whatshap_illumina30x/truth_eval.metrics.json
train	chr20_35_40mb	WhatsHap_PacBio_HiFi30x	4292	4398	4283	0.9979030754892824	11	4283	0.0025682932523931824	17	4268	0.003983130271790066	99.74317067476068	99.53401677539608	934286	43498	99.79030754892824	baselines/whatshap/chr20_35_40mb_whatshap_pacbio/truth_eval.metrics.json
train	chr20_40_45mb	AWPhase_Phase6C_Rust_WMEC	2658	1640	1636	0.6155003762227238	13	1636	0.007946210268948655	8	1186	0.006745362563237774	99.20537897310513	61.06094808126411	1145	477	61.550037622272384	results/phase7a_windows/chr20_40_45mb_illumina30x_phase7a/truth_eval_phase6c.metrics.json
train	chr20_40_45mb	AWPhase_Phase7A_current	2658	1858	1853	0.6971407072987208	20	1853	0.010793308148947653	16	1403	0.011404133998574484	98.92066918510524	68.96162528216703	4383	758	69.71407072987209	results/phase7a_windows/chr20_40_45mb_illumina30x_phase7a/truth_eval_phase7a.metrics.json
train	chr20_40_45mb	AWPhase_Phase8_PBWT	2658	2296	2288	0.8607975921745673	17	2288	0.00743006993006993	12	1838	0.006528835690968444	99.25699300699301	85.44018058690745	9606	1041	86.07975921745674	results/phase7a_windows/chr20_40_45mb_illumina30x_phase7a/truth_eval_phase8pbwt.metrics.json
train	chr20_40_45mb	AWPhase_Phase8_PBWT_HMM	2658	2297	2289	0.8611738148984198	17	2289	0.007426823940585408	12	1839	0.0065252854812398045	99.25731760594147	85.47780285929271	9666	1045	86.11738148984199	results/phase7a_windows/chr20_40_45mb_illumina30x_phase7a/truth_eval_phase8pbwt_hmm.metrics.json
train	chr20_40_45mb	AWPhase_Phase8_PBWT_V2_exact_prefix	2658	2306	2298	0.8645598194130926	20	2298	0.008703220191470844	12	1848	0.006493506493506494	99.12967798085292	85.70353649360422	14991	746	86.45598194130926	results/phase7a_windows/chr20_40_45mb_illumina30x_phase7a/truth_eval_phase8pbwt_v2.metrics.json
train	chr20_40_45mb	AWPhase_Phase8_PBWT_HMM_V2_forward_backward	2658	2317	2309	0.8686982693754702	20	2309	0.0086617583369424	12	1859	0.006455083378160301	99.13382416630576	86.11738148984199	14745	750	86.86982693754703	results/phase7a_windows/chr20_40_45mb_illumina30x_phase7a/truth_eval_phase8pbwt_hmm_v2.metrics.json
train	chr20_40_45mb	WhatsHap_Illumina30x	2658	2132	2111	0.7942061700526711	83	2111	0.039317858834675506	71	1593	0.044569993722536096	96.06821411653245	76.2979683972912	1273	505	79.42061700526712	baselines/whatshap/chr20_40_45mb_whatshap_illumina30x/truth_eval.metrics.json
train	chr20_40_45mb	WhatsHap_PacBio_HiFi30x	2658	2679	2650	0.9969902182091799	16	2650	0.0060377358490566035	9	2644	0.00340393343419062	99.39622641509433	99.09706546275395	751780	285719	99.69902182091798	baselines/whatshap/chr20_40_45mb_whatshap_pacbio/truth_eval.metrics.json
train	chr20_45_50mb	AWPhase_Phase6C_Rust_WMEC	5449	3826	3592	0.6592035235823087	13	3592	0.003619153674832962	12	2795	0.004293381037567084	99.6380846325167	65.68177647274729	1285	543	65.92035235823087	results/phase7a_windows/chr20_45_50mb_illumina30x_phase7a/truth_eval_phase6c.metrics.json
train	chr20_45_50mb	AWPhase_Phase7A_current	5449	4090	3856	0.7076527803266655	20	3856	0.005186721991701245	23	3059	0.007518796992481203	99.48132780082987	70.39823820884567	3326	773	70.76527803266654	results/phase7a_windows/chr20_45_50mb_illumina30x_phase7a/truth_eval_phase7a.metrics.json
train	chr20_45_50mb	AWPhase_Phase8_PBWT	5449	4839	4600	0.8441915947880345	15	4600	0.003260869565217391	15	3803	0.003944254535892716	99.67391304347825	84.14387961093779	9335	894	84.41915947880345	results/phase7a_windows/chr20_45_50mb_illumina30x_phase7a/truth_eval_phase8pbwt.metrics.json
train	chr20_45_50mb	AWPhase_Phase8_PBWT_HMM	5449	4843	4604	0.8449256744356762	15	4604	0.003258036490008688	15	3807	0.003940110323089046	99.67419635099914	84.21728757570196	9354	900	84.49256744356762	results/phase7a_windows/chr20_45_50mb_illumina30x_phase7a/truth_eval_phase8pbwt_hmm.metrics.json
train	chr20_45_50mb	AWPhase_Phase8_PBWT_V2_exact_prefix	5449	4860	4621	0.8480455129381538	16	4621	0.0034624540142826226	17	3824	0.00444560669456067	99.65375459857174	84.51091943475866	12073	767	84.80455129381538	results/phase7a_windows/chr20_45_50mb_illumina30x_phase7a/truth_eval_phase8pbwt_v2.metrics.json
train	chr20_45_50mb	AWPhase_Phase8_PBWT_HMM_V2_forward_backward	5449	4888	4649	0.8531840704716461	17	4649	0.0036567003656700365	18	3852	0.004672897196261682	99.634329963433	85.00642319691687	12411	803	85.31840704716461	results/phase7a_windows/chr20_45_50mb_illumina30x_phase7a/truth_eval_phase8pbwt_hmm_v2.metrics.json
train	chr20_45_50mb	WhatsHap_Illumina30x	5449	4979	4668	0.8566709487979446	160	4668	0.03427592116538132	169	3740	0.04518716577540107	96.57240788346186	82.73077628922738	1529	585	85.66709487979446	baselines/whatshap/chr20_45_50mb_whatshap_illumina30x/truth_eval.metrics.json
train	chr20_45_50mb	WhatsHap_PacBio_HiFi30x	5449	5771	5446	0.9994494402642686	31	5446	0.005692251193536541	42	5431	0.007733382434174185	99.43077488064634	99.37603229950449	741143	134550	99.94494402642687	baselines/whatshap/chr20_45_50mb_whatshap_pacbio/truth_eval.metrics.json
train	chr22_15_20mb	AWPhase_Phase6C_Rust_WMEC	3315	5140	2212	0.6672699849170437	7	2212	0.0031645569620253164	8	1720	0.004651162790697674	99.68354430379746	66.51583710407239	1693	590	66.72699849170438	results/phase7a_windows/chr22_15_20mb_illumina30x_phase7a/truth_eval_phase6c.metrics.json
train	chr22_15_20mb	AWPhase_Phase7A_current	3315	5337	2381	0.7182503770739065	19	2381	0.007979840403191937	24	1889	0.01270513499205929	99.2020159596808	71.25188536953243	3154	746	71.82503770739065	results/phase7a_windows/chr22_15_20mb_illumina30x_phase7a/truth_eval_phase7a.metrics.json
train	chr22_15_20mb	AWPhase_Phase8_PBWT	3315	5931	2827	0.8527903469079939	8	2827	0.002829854969932791	9	2334	0.0038560411311053984	99.71701450300672	85.03770739064856	6798	818	85.27903469079939	results/phase7a_windows/chr22_15_20mb_illumina30x_phase7a/truth_eval_phase8pbwt.metrics.json
train	chr22_15_20mb	AWPhase_Phase8_PBWT_HMM	3315	5932	2828	0.8530920060331825	8	2828	0.002828854314002829	9	2335	0.003854389721627409	99.71711456859971	85.06787330316742	6809	818	85.30920060331825	results/phase7a_windows/chr22_15_20mb_illumina30x_phase7a/truth_eval_phase8pbwt_hmm.metrics.json
train	chr22_15_20mb	AWPhase_Phase8_PBWT_V2_exact_prefix	3315	5933	2830	0.8536953242835595	8	2830	0.0028268551236749115	10	2337	0.004278990158322636	99.7173144876325	85.12820512820512	9200	733	85.36953242835595	results/phase7a_windows/chr22_15_20mb_illumina30x_phase7a/truth_eval_phase8pbwt_v2.metrics.json
train	chr22_15_20mb	AWPhase_Phase8_PBWT_HMM_V2_forward_backward	3315	5959	2853	0.860633484162896	9	2853	0.0031545741324921135	11	2360	0.004661016949152543	99.6845425867508	85.7918552036199	9913	757	86.0633484162896	results/phase7a_windows/chr22_15_20mb_illumina30x_phase7a/truth_eval_phase8pbwt_hmm_v2.metrics.json
train	chr22_15_20mb	WhatsHap_Illumina30x	3315	6294	2902	0.8754147812971342	133	2902	0.04583046175051689	113	2326	0.04858125537403268	95.41695382494831	83.52941176470588	2034	644	87.54147812971343	baselines/whatshap/chr22_15_20mb_whatshap_illumina30x/truth_eval.metrics.json
train	chr22_15_20mb	WhatsHap_PacBio_HiFi30x	3315	6845	3312	0.9990950226244344	116	3312	0.035024154589371984	29	3307	0.008769277290595706	96.49758454106279	96.41025641025641	1008703	42401	99.90950226244344	baselines/whatshap/chr22_15_20mb_whatshap_pacbio/truth_eval.metrics.json
train	chr22_20_25mb	AWPhase_Phase6C_Rust_WMEC	4533	4326	3099	0.6836532097948379	11	3099	0.0035495321071313327	13	2472	0.0052588996763754045	99.64504678928687	68.12265607765276	1464	557	68.36532097948378	results/phase7a_windows/chr22_20_25mb_illumina30x_phase7a/truth_eval_phase6c.metrics.json
train	chr22_20_25mb	AWPhase_Phase7A_current	4533	4544	3283	0.7242444297374807	17	3283	0.005178190679256778	20	2656	0.007530120481927711	99.48218093207433	72.04941539819104	3563	681	72.42444297374807	results/phase7a_windows/chr22_20_25mb_illumina30x_phase7a/truth_eval_phase7a.metrics.json
train	chr22_20_25mb	AWPhase_Phase8_PBWT	4533	5217	3824	0.843591440547099	15	3824	0.003922594142259414	20	3196	0.006257822277847309	99.60774058577407	84.02823737039489	8265	826	84.3591440547099	results/phase7a_windows/chr22_20_25mb_illumina30x_phase7a/truth_eval_phase8pbwt.metrics.json
train	chr22_20_25mb	AWPhase_Phase8_PBWT_HMM	4533	5219	3826	0.8440326494595191	15	3826	0.003920543648719289	20	3198	0.006253908692933083	99.60794563512808	84.07235826163688	8267	835	84.4032649459519	results/phase7a_windows/chr22_20_25mb_illumina30x_phase7a/truth_eval_phase8pbwt_hmm.metrics.json
train	chr22_20_25mb	AWPhase_Phase8_PBWT_V2_exact_prefix	4533	5227	3832	0.8453562761967792	16	3832	0.0041753653444676405	22	3204	0.00686641697877653	99.58246346555325	84.18266048974189	11595	667	84.53562761967791	results/phase7a_windows/chr22_20_25mb_illumina30x_phase7a/truth_eval_phase8pbwt_v2.metrics.json
train	chr22_20_25mb	AWPhase_Phase8_PBWT_HMM_V2_forward_backward	4533	5241	3845	0.8482241341275094	17	3845	0.004421326397919376	23	3217	0.007149518184644078	99.55786736020806	84.4473858371939	11622	681	84.82241341275093	results/phase7a_windows/chr22_20_25mb_illumina30x_phase7a/truth_eval_phase8pbwt_hmm_v2.metrics.json
train	chr22_20_25mb	WhatsHap_Illumina30x	4533	5492	3944	0.870063975292301	160	3944	0.04056795131845842	156	3223	0.048402109835556935	95.94320486815415	83.47672622986984	1628	603	87.00639752923009	baselines/whatshap/chr22_20_25mb_whatshap_illumina30x/truth_eval.metrics.json
train	chr22_20_25mb	WhatsHap_PacBio_HiFi30x	4533	6170	4529	0.9991175821751599	505	4529	0.1115036431883418	29	4519	0.006417348971011286	88.84963568116582	88.77123317891021	676255	68453	99.911758217516	baselines/whatshap/chr22_20_25mb_whatshap_pacbio/truth_eval.metrics.json
